timestamp, index, memory.used [MiB], utilization.gpu [%], clocks.current.graphics [MHz], clocks.current.sm [MHz], power.draw [W], temperature.gpu, pstate, clocks_event_reasons.active
2026/08/26 20:32:51.659, 0, 82 MiB, 0 %, 210 MHz, 210 MHz, 25.85 W, 40, P8, 0x0000000000000001
2026/08/26 20:32:52.666, 0, 82 MiB, 0 %, 210 MHz, 210 MHz, 25.98 W, 40, P8, 0x0000000000000001
2026/08/26 20:32:53.666, 0, 82 MiB, 0 %, 210 MHz, 210 MHz, 25.88 W, 40, P8, 0x0000000000000001
2026/08/26 20:32:54.666, 0, 82 MiB, 0 %, 210 MHz, 210 MHz, 25.80 W, 40, P8, 0x0000000000000001
2026/08/26 20:32:55.666, 0, 82 MiB, 0 %, 210 MHz, 210 MHz, 25.94 W, 40, P8, 0x0000000000000001
2026/08/26 20:32:56.666, 0, 82 MiB, 0 %, 210 MHz, 210 MHz, 25.91 W, 40, P8, 0x0000000000000001
2026/08/26 20:32:57.667, 0, 82 MiB, 0 %, 210 MHz, 210 MHz, 25.92 W, 40, P8, 0x0000000000000001
2026/08/26 20:32:58.667, 0, 82 MiB, 0 %, 210 MHz, 210 MHz, 26.02 W, 39, P8, 0x0000000000000001
2026/08/26 20:32:59.667, 0, 82 MiB, 0 %, 210 MHz, 210 MHz, 25.84 W, 39, P8, 0x0000000000000001
2026/08/26 20:33:00.667, 0, 82 MiB, 0 %, 210 MHz, 210 MHz, 25.81 W, 39, P8, 0x0000000000000001
2026/08/26 20:33:01.667, 0, 82 MiB, 0 %, 210 MHz, 210 MHz, 25.95 W, 39, P8, 0x0000000000000001
2026/08/26 20:33:02.667, 0, 85 MiB, 0 %, 210 MHz, 210 MHz, 25.94 W, 39, P8, 0x0000000000000001
2026/08/26 20:33:03.808, 0, 346 MiB, 1 %, 1965 MHz, 1965 MHz, 122.27 W, 46, P2, 0x0000000000000000
2026/08/26 20:33:04.809, 0, 346 MiB, 0 %, 1965 MHz, 1965 MHz, 149.72 W, 47, P2, 0x0000000000000000
2026/08/26 20:33:05.809, 0, 346 MiB, 0 %, 1695 MHz, 1695 MHz, 133.33 W, 46, P2, 0x0000000000000000
2026/08/26 20:33:06.809, 0, 20144 MiB, 99 %, 1965 MHz, 1965 MHz, 129.47 W, 48, P2, 0x0000000000000000
2026/08/26 20:33:07.809, 0, 20144 MiB, 100 %, 1965 MHz, 1965 MHz, 151.51 W, 49, P2, 0x0000000000000000
2026/08/26 20:33:08.809, 0, 20144 MiB, 100 %, 1965 MHz, 1965 MHz, 150.39 W, 48, P2, 0x0000000000000000
2026/08/26 20:33:09.810, 0, 20144 MiB, 100 %, 1950 MHz, 1950 MHz, 151.65 W, 49, P2, 0x0000000000000000
2026/08/26 20:33:10.810, 0, 20144 MiB, 100 %, 1950 MHz, 1950 MHz, 149.02 W, 49, P2, 0x0000000000000000
2026/08/26 20:33:11.810, 0, 20144 MiB, 100 %, 1950 MHz, 1950 MHz, 150.72 W, 49, P2, 0x0000000000000000
2026/08/26 20:33:12.810, 0, 20144 MiB, 99 %, 1950 MHz, 1950 MHz, 149.29 W, 49, P2, 0x0000000000000000
2026/08/26 20:33:13.810, 0, 20144 MiB, 100 %, 1950 MHz, 1950 MHz, 150.07 W, 50, P2, 0x0000000000000000
2026/08/26 20:33:14.810, 0, 20144 MiB, 100 %, 1950 MHz, 1950 MHz, 151.07 W, 50, P2, 0x0000000000000000
2026/08/26 20:33:15.811, 0, 20800 MiB, 21 %, 1950 MHz, 1950 MHz, 154.58 W, 51, P2, 0x0000000000000000
2026/08/26 20:33:16.811, 0, 20816 MiB, 77 %, 1965 MHz, 1965 MHz, 224.39 W, 56, P2, 0x0000000000000000
2026/08/26 20:33:17.811, 0, 20816 MiB, 78 %, 1965 MHz, 1965 MHz, 311.51 W, 57, P2, 0x0000000000000000
2026/08/26 20:33:18.811, 0, 20816 MiB, 77 %, 1965 MHz, 1965 MHz, 313.03 W, 58, P2, 0x0000000000000000
2026/08/26 20:33:19.812, 0, 20816 MiB, 77 %, 1965 MHz, 1965 MHz, 274.34 W, 58, P2, 0x0000000000000000
2026/08/26 20:33:20.812, 0, 20816 MiB, 79 %, 1965 MHz, 1965 MHz, 313.77 W, 59, P2, 0x0000000000000000
2026/08/26 20:33:21.812, 0, 20816 MiB, 80 %, 1950 MHz, 1950 MHz, 312.89 W, 59, P2, 0x0000000000000000
2026/08/26 20:33:22.812, 0, 20816 MiB, 77 %, 1950 MHz, 1950 MHz, 272.38 W, 59, P2, 0x0000000000000000
2026/08/26 20:33:23.812, 0, 20816 MiB, 78 %, 1950 MHz, 1950 MHz, 314.17 W, 60, P2, 0x0000000000000000
2026/08/26 20:33:24.813, 0, 20816 MiB, 16 %, 1950 MHz, 1950 MHz, 298.72 W, 59, P2, 0x0000000000000000
2026/08/26 20:33:25.813, 0, 20816 MiB, 79 %, 1950 MHz, 1950 MHz, 279.11 W, 61, P2, 0x0000000000000000
2026/08/26 20:33:26.813, 0, 20816 MiB, 78 %, 1950 MHz, 1950 MHz, 319.20 W, 61, P2, 0x0000000000000000
2026/08/26 20:33:27.813, 0, 20816 MiB, 73 %, 1950 MHz, 1950 MHz, 280.32 W, 57, P2, 0x0000000000000004
2026/08/26 20:33:28.813, 0, 20816 MiB, 76 %, 1950 MHz, 1950 MHz, 301.24 W, 61, P2, 0x0000000000000000
2026/08/26 20:33:29.814, 0, 20816 MiB, 77 %, 1950 MHz, 1950 MHz, 318.02 W, 62, P2, 0x0000000000000000
2026/08/26 20:33:30.814, 0, 20824 MiB, 99 %, 1830 MHz, 1830 MHz, 272.36 W, 59, P2, 0x0000000000000004
2026/08/26 20:33:31.814, 0, 20824 MiB, 78 %, 1950 MHz, 1950 MHz, 281.99 W, 63, P2, 0x0000000000000000
2026/08/26 20:33:32.814, 0, 20824 MiB, 79 %, 1950 MHz, 1950 MHz, 321.19 W, 63, P2, 0x0000000000000000
2026/08/26 20:33:33.814, 0, 20824 MiB, 71 %, 1950 MHz, 1950 MHz, 289.71 W, 60, P2, 0x0000000000000004
2026/08/26 20:33:34.815, 0, 20824 MiB, 74 %, 1950 MHz, 1950 MHz, 304.95 W, 63, P2, 0x0000000000000000
2026/08/26 20:33:35.815, 0, 20824 MiB, 77 %, 1950 MHz, 1950 MHz, 321.74 W, 63, P2, 0x0000000000000000
2026/08/26 20:33:36.815, 0, 20824 MiB, 74 %, 1890 MHz, 1890 MHz, 287.29 W, 61, P2, 0x0000000000000004
2026/08/26 20:33:37.815, 0, 20824 MiB, 79 %, 1950 MHz, 1950 MHz, 318.77 W, 64, P2, 0x0000000000000000
2026/08/26 20:33:38.815, 0, 20824 MiB, 77 %, 1950 MHz, 1950 MHz, 324.14 W, 65, P2, 0x0000000000000000
2026/08/26 20:33:39.816, 0, 20824 MiB, 77 %, 1935 MHz, 1935 MHz, 289.51 W, 63, P2, 0x0000000000000000
2026/08/26 20:33:40.816, 0, 20824 MiB, 79 %, 1950 MHz, 1950 MHz, 323.38 W, 65, P2, 0x0000000000000000
2026/08/26 20:33:41.816, 0, 20824 MiB, 79 %, 1950 MHz, 1950 MHz, 327.36 W, 65, P2, 0x0000000000000000
2026/08/26 20:33:42.816, 0, 20824 MiB, 78 %, 1950 MHz, 1950 MHz, 285.32 W, 65, P2, 0x0000000000000000
2026/08/26 20:33:43.816, 0, 20824 MiB, 77 %, 1950 MHz, 1950 MHz, 326.57 W, 66, P2, 0x0000000000000000
2026/08/26 20:33:44.817, 0, 20824 MiB, 78 %, 1950 MHz, 1950 MHz, 325.18 W, 66, P2, 0x0000000000000000
2026/08/26 20:33:45.817, 0, 20824 MiB, 78 %, 1950 MHz, 1950 MHz, 294.61 W, 66, P2, 0x0000000000000000
2026/08/26 20:33:46.817, 0, 20824 MiB, 77 %, 1950 MHz, 1950 MHz, 330.35 W, 67, P2, 0x0000000000000000
2026/08/26 20:33:47.817, 0, 392 MiB, 69 %, 1950 MHz, 1950 MHz, 328.93 W, 65, P2, 0x0000000000000000
2026/08/26 20:33:48.817, 0, 346 MiB, 0 %, 1950 MHz, 1950 MHz, 174.26 W, 61, P2, 0x0000000000000000
2026/08/26 20:33:49.818, 0, 346 MiB, 0 %, 1950 MHz, 1950 MHz, 166.77 W, 61, P2, 0x0000000000000000
2026/08/26 20:33:50.818, 0, 346 MiB, 0 %, 1695 MHz, 1695 MHz, 163.69 W, 59, P2, 0x0000000000000000
2026/08/26 20:33:51.818, 0, 19362 MiB, 0 %, 1695 MHz, 1695 MHz, 129.86 W, 58, P2, 0x0000000000000000
2026/08/26 20:33:52.818, 0, 19362 MiB, 100 %, 1950 MHz, 1950 MHz, 144.60 W, 59, P2, 0x0000000000000000
2026/08/26 20:33:53.818, 0, 19362 MiB, 99 %, 1950 MHz, 1950 MHz, 164.39 W, 59, P2, 0x0000000000000000
2026/08/26 20:33:54.819, 0, 19362 MiB, 99 %, 1950 MHz, 1950 MHz, 161.78 W, 59, P2, 0x0000000000000000
2026/08/26 20:33:55.819, 0, 19362 MiB, 99 %, 1950 MHz, 1950 MHz, 162.05 W, 59, P2, 0x0000000000000000
2026/08/26 20:33:56.819, 0, 19362 MiB, 100 %, 1950 MHz, 1950 MHz, 162.44 W, 59, P2, 0x0000000000000000
2026/08/26 20:33:57.819, 0, 19362 MiB, 99 %, 1950 MHz, 1950 MHz, 162.90 W, 58, P2, 0x0000000000000000
2026/08/26 20:33:58.819, 0, 19362 MiB, 100 %, 1950 MHz, 1950 MHz, 161.47 W, 59, P2, 0x0000000000000000
2026/08/26 20:33:59.819, 0, 19362 MiB, 100 %, 1950 MHz, 1950 MHz, 162.25 W, 59, P2, 0x0000000000000000
2026/08/26 20:34:00.820, 0, 19362 MiB, 100 %, 1950 MHz, 1950 MHz, 162.61 W, 58, P2, 0x0000000000000000
2026/08/26 20:34:01.820, 0, 19362 MiB, 100 %, 1950 MHz, 1950 MHz, 163.27 W, 58, P2, 0x0000000000000000
2026/08/26 20:34:02.820, 0, 20502 MiB, 97 %, 1950 MHz, 1950 MHz, 164.06 W, 58, P2, 0x0000000000000000
2026/08/26 20:34:03.820, 0, 20764 MiB, 70 %, 1950 MHz, 1950 MHz, 177.89 W, 59, P2, 0x0000000000000000
2026/08/26 20:34:04.820, 0, 20768 MiB, 82 %, 1950 MHz, 1950 MHz, 223.58 W, 60, P2, 0x0000000000000000
2026/08/26 20:34:05.820, 0, 20770 MiB, 81 %, 1950 MHz, 1950 MHz, 224.06 W, 61, P2, 0x0000000000000000
2026/08/26 20:34:06.820, 0, 20770 MiB, 81 %, 1950 MHz, 1950 MHz, 225.31 W, 60, P2, 0x0000000000000000
2026/08/26 20:34:07.821, 0, 20770 MiB, 82 %, 1950 MHz, 1950 MHz, 223.66 W, 60, P2, 0x0000000000000000
2026/08/26 20:34:08.821, 0, 20770 MiB, 84 %, 1950 MHz, 1950 MHz, 221.26 W, 61, P2, 0x0000000000000000
2026/08/26 20:34:09.821, 0, 20770 MiB, 83 %, 1950 MHz, 1950 MHz, 222.22 W, 61, P2, 0x0000000000000000
2026/08/26 20:34:10.821, 0, 20770 MiB, 83 %, 1950 MHz, 1950 MHz, 226.24 W, 60, P2, 0x0000000000000000
2026/08/26 20:34:11.821, 0, 20774 MiB, 81 %, 1950 MHz, 1950 MHz, 227.32 W, 60, P2, 0x0000000000000000
2026/08/26 20:34:12.821, 0, 20774 MiB, 85 %, 1950 MHz, 1950 MHz, 222.65 W, 61, P2, 0x0000000000000000
2026/08/26 20:34:13.822, 0, 20774 MiB, 82 %, 1950 MHz, 1950 MHz, 223.83 W, 61, P2, 0x0000000000000000
2026/08/26 20:34:14.822, 0, 20774 MiB, 82 %, 1950 MHz, 1950 MHz, 223.61 W, 61, P2, 0x0000000000000000
2026/08/26 20:34:15.822, 0, 20774 MiB, 85 %, 1950 MHz, 1950 MHz, 216.46 W, 61, P2, 0x0000000000000000
2026/08/26 20:34:16.822, 0, 20774 MiB, 84 %, 1950 MHz, 1950 MHz, 224.51 W, 61, P2, 0x0000000000000000
2026/08/26 20:34:17.822, 0, 20774 MiB, 84 %, 1950 MHz, 1950 MHz, 226.90 W, 61, P2, 0x0000000000000000
2026/08/26 20:34:18.822, 0, 20774 MiB, 84 %, 1950 MHz, 1950 MHz, 225.14 W, 61, P2, 0x0000000000000000
2026/08/26 20:34:19.822, 0, 20774 MiB, 83 %, 1950 MHz, 1950 MHz, 229.37 W, 61, P2, 0x0000000000000000
2026/08/26 20:34:20.823, 0, 20774 MiB, 83 %, 1950 MHz, 1950 MHz, 225.98 W, 61, P2, 0x0000000000000000
2026/08/26 20:34:21.831, 0, 20774 MiB, 80 %, 1950 MHz, 1950 MHz, 223.97 W, 61, P2, 0x0000000000000000
2026/08/26 20:34:22.831, 0, 20774 MiB, 84 %, 1950 MHz, 1950 MHz, 228.10 W, 62, P2, 0x0000000000000000
2026/08/26 20:34:23.831, 0, 20774 MiB, 84 %, 1950 MHz, 1950 MHz, 226.10 W, 61, P2, 0x0000000000000000
2026/08/26 20:34:24.832, 0, 20774 MiB, 82 %, 1950 MHz, 1950 MHz, 227.24 W, 61, P2, 0x0000000000000000
2026/08/26 20:34:25.832, 0, 20774 MiB, 83 %, 1950 MHz, 1950 MHz, 213.84 W, 61, P2, 0x0000000000000000
2026/08/26 20:34:26.832, 0, 20774 MiB, 83 %, 1950 MHz, 1950 MHz, 224.21 W, 61, P2, 0x0000000000000000
2026/08/26 20:34:27.832, 0, 20774 MiB, 83 %, 1950 MHz, 1950 MHz, 225.91 W, 61, P2, 0x0000000000000000
2026/08/26 20:34:28.832, 0, 20774 MiB, 82 %, 1950 MHz, 1950 MHz, 223.93 W, 61, P2, 0x0000000000000000
2026/08/26 20:34:29.832, 0, 20774 MiB, 83 %, 1950 MHz, 1950 MHz, 225.64 W, 62, P2, 0x0000000000000000
2026/08/26 20:34:30.832, 0, 20774 MiB, 81 %, 1950 MHz, 1950 MHz, 224.51 W, 62, P2, 0x0000000000000000
2026/08/26 20:34:31.833, 0, 20774 MiB, 80 %, 1950 MHz, 1950 MHz, 224.80 W, 61, P2, 0x0000000000000000
2026/08/26 20:34:32.833, 0, 20774 MiB, 84 %, 1950 MHz, 1950 MHz, 223.43 W, 61, P2, 0x0000000000000000
2026/08/26 20:34:33.833, 0, 20774 MiB, 81 %, 1950 MHz, 1950 MHz, 222.60 W, 62, P2, 0x0000000000000000
2026/08/26 20:34:34.833, 0, 20774 MiB, 84 %, 1950 MHz, 1950 MHz, 222.18 W, 61, P2, 0x0000000000000000
2026/08/26 20:34:35.833, 0, 20774 MiB, 82 %, 1950 MHz, 1950 MHz, 224.52 W, 62, P2, 0x0000000000000000
2026/08/26 20:34:36.833, 0, 20774 MiB, 20 %, 1950 MHz, 1950 MHz, 221.96 W, 60, P2, 0x0000000000000000
2026/08/26 20:34:37.833, 0, 20774 MiB, 82 %, 1950 MHz, 1950 MHz, 214.70 W, 62, P2, 0x0000000000000000
2026/08/26 20:34:38.834, 0, 20774 MiB, 83 %, 1950 MHz, 1950 MHz, 228.15 W, 62, P2, 0x0000000000000000
2026/08/26 20:34:39.834, 0, 20774 MiB, 84 %, 1950 MHz, 1950 MHz, 228.05 W, 61, P2, 0x0000000000000000
2026/08/26 20:34:40.834, 0, 20774 MiB, 84 %, 1950 MHz, 1950 MHz, 225.98 W, 61, P2, 0x0000000000000000
2026/08/26 20:34:41.834, 0, 20774 MiB, 83 %, 1950 MHz, 1950 MHz, 226.65 W, 62, P2, 0x0000000000000000
2026/08/26 20:34:42.834, 0, 20774 MiB, 80 %, 1950 MHz, 1950 MHz, 226.47 W, 62, P2, 0x0000000000000000
2026/08/26 20:34:43.834, 0, 20774 MiB, 83 %, 1950 MHz, 1950 MHz, 226.99 W, 62, P2, 0x0000000000000000
2026/08/26 20:34:44.835, 0, 20774 MiB, 81 %, 1950 MHz, 1950 MHz, 227.91 W, 62, P2, 0x0000000000000000
2026/08/26 20:34:45.835, 0, 20774 MiB, 84 %, 1950 MHz, 1950 MHz, 225.87 W, 62, P2, 0x0000000000000000
2026/08/26 20:34:46.835, 0, 20774 MiB, 79 %, 1950 MHz, 1950 MHz, 226.61 W, 62, P2, 0x0000000000000000
2026/08/26 20:34:47.835, 0, 20774 MiB, 79 %, 1950 MHz, 1950 MHz, 209.13 W, 62, P2, 0x0000000000000000
2026/08/26 20:34:48.835, 0, 20774 MiB, 84 %, 1950 MHz, 1950 MHz, 226.67 W, 62, P2, 0x0000000000000000
2026/08/26 20:34:49.835, 0, 20774 MiB, 80 %, 1950 MHz, 1950 MHz, 227.49 W, 63, P2, 0x0000000000000000
2026/08/26 20:34:50.835, 0, 20774 MiB, 82 %, 1950 MHz, 1950 MHz, 226.20 W, 62, P2, 0x0000000000000000
2026/08/26 20:34:51.836, 0, 20774 MiB, 82 %, 1950 MHz, 1950 MHz, 226.99 W, 62, P2, 0x0000000000000000
2026/08/26 20:34:52.836, 0, 20774 MiB, 81 %, 1950 MHz, 1950 MHz, 229.15 W, 62, P2, 0x0000000000000000
2026/08/26 20:34:53.836, 0, 20774 MiB, 78 %, 1950 MHz, 1950 MHz, 226.73 W, 62, P2, 0x0000000000000000
2026/08/26 20:34:54.836, 0, 20774 MiB, 82 %, 1950 MHz, 1950 MHz, 227.23 W, 62, P2, 0x0000000000000000
2026/08/26 20:34:55.836, 0, 20774 MiB, 81 %, 1950 MHz, 1950 MHz, 225.49 W, 63, P2, 0x0000000000000000
2026/08/26 20:34:56.836, 0, 20774 MiB, 60 %, 1950 MHz, 1950 MHz, 224.26 W, 61, P2, 0x0000000000000000
2026/08/26 20:34:57.837, 0, 20780 MiB, 81 %, 1950 MHz, 1950 MHz, 201.43 W, 62, P2, 0x0000000000000000
2026/08/26 20:34:58.837, 0, 20780 MiB, 81 %, 1950 MHz, 1950 MHz, 231.33 W, 63, P2, 0x0000000000000000
2026/08/26 20:34:59.837, 0, 20780 MiB, 79 %, 1950 MHz, 1950 MHz, 233.34 W, 63, P2, 0x0000000000000000
2026/08/26 20:35:00.837, 0, 20780 MiB, 79 %, 1950 MHz, 1950 MHz, 229.48 W, 63, P2, 0x0000000000000000
2026/08/26 20:35:01.837, 0, 20780 MiB, 83 %, 1950 MHz, 1950 MHz, 227.46 W, 63, P2, 0x0000000000000000
2026/08/26 20:35:02.837, 0, 20780 MiB, 81 %, 1950 MHz, 1950 MHz, 227.25 W, 63, P2, 0x0000000000000000
2026/08/26 20:35:03.837, 0, 20780 MiB, 80 %, 1950 MHz, 1950 MHz, 227.71 W, 63, P2, 0x0000000000000000
2026/08/26 20:35:04.838, 0, 20780 MiB, 26 %, 1950 MHz, 1950 MHz, 220.19 W, 61, P2, 0x0000000000000000
2026/08/26 20:35:05.838, 0, 20780 MiB, 83 %, 1950 MHz, 1950 MHz, 219.68 W, 63, P2, 0x0000000000000000
2026/08/26 20:35:06.838, 0, 20780 MiB, 82 %, 1950 MHz, 1950 MHz, 227.24 W, 63, P2, 0x0000000000000000
2026/08/26 20:35:07.838, 0, 20780 MiB, 84 %, 1950 MHz, 1950 MHz, 229.36 W, 63, P2, 0x0000000000000000
2026/08/26 20:35:08.838, 0, 20780 MiB, 83 %, 1950 MHz, 1950 MHz, 226.34 W, 63, P2, 0x0000000000000000
2026/08/26 20:35:09.838, 0, 20780 MiB, 82 %, 1950 MHz, 1950 MHz, 225.46 W, 63, P2, 0x0000000000000000
2026/08/26 20:35:10.838, 0, 20780 MiB, 82 %, 1950 MHz, 1950 MHz, 224.24 W, 63, P2, 0x0000000000000000
2026/08/26 20:35:11.839, 0, 20780 MiB, 83 %, 1950 MHz, 1950 MHz, 227.12 W, 63, P2, 0x0000000000000000
2026/08/26 20:35:12.839, 0, 20780 MiB, 82 %, 1950 MHz, 1950 MHz, 226.70 W, 63, P2, 0x0000000000000000
2026/08/26 20:35:13.839, 0, 20780 MiB, 84 %, 1950 MHz, 1950 MHz, 229.63 W, 63, P2, 0x0000000000000000
2026/08/26 20:35:14.839, 0, 20780 MiB, 84 %, 1950 MHz, 1950 MHz, 225.74 W, 63, P2, 0x0000000000000000
2026/08/26 20:35:15.839, 0, 20780 MiB, 84 %, 1950 MHz, 1950 MHz, 216.78 W, 63, P2, 0x0000000000000000
2026/08/26 20:35:16.839, 0, 20780 MiB, 83 %, 1950 MHz, 1950 MHz, 228.81 W, 63, P2, 0x0000000000000000
2026/08/26 20:35:17.840, 0, 20780 MiB, 82 %, 1950 MHz, 1950 MHz, 228.11 W, 64, P2, 0x0000000000000000
2026/08/26 20:35:18.840, 0, 20780 MiB, 82 %, 1950 MHz, 1950 MHz, 230.35 W, 63, P2, 0x0000000000000000
2026/08/26 20:35:19.840, 0, 20780 MiB, 82 %, 1950 MHz, 1950 MHz, 225.28 W, 63, P2, 0x0000000000000000
2026/08/26 20:35:20.840, 0, 20780 MiB, 84 %, 1950 MHz, 1950 MHz, 227.15 W, 63, P2, 0x0000000000000000
2026/08/26 20:35:21.840, 0, 20780 MiB, 83 %, 1950 MHz, 1950 MHz, 232.13 W, 64, P2, 0x0000000000000000
2026/08/26 20:35:22.840, 0, 20780 MiB, 70 %, 1950 MHz, 1950 MHz, 224.21 W, 63, P2, 0x0000000000000000
2026/08/26 20:35:23.841, 0, 20780 MiB, 81 %, 1950 MHz, 1950 MHz, 226.97 W, 64, P2, 0x0000000000000000
2026/08/26 20:35:24.841, 0, 20780 MiB, 84 %, 1950 MHz, 1950 MHz, 228.02 W, 63, P2, 0x0000000000000000
2026/08/26 20:35:25.841, 0, 20780 MiB, 81 %, 1950 MHz, 1950 MHz, 228.09 W, 63, P2, 0x0000000000000000
2026/08/26 20:35:26.841, 0, 20780 MiB, 81 %, 1950 MHz, 1950 MHz, 228.55 W, 63, P2, 0x0000000000000000
2026/08/26 20:35:27.841, 0, 20780 MiB, 83 %, 1950 MHz, 1950 MHz, 227.46 W, 63, P2, 0x0000000000000000
2026/08/26 20:35:28.841, 0, 20780 MiB, 82 %, 1950 MHz, 1950 MHz, 228.60 W, 64, P2, 0x0000000000000000
2026/08/26 20:35:29.841, 0, 20780 MiB, 85 %, 1950 MHz, 1950 MHz, 226.29 W, 63, P2, 0x0000000000000000
2026/08/26 20:35:30.842, 0, 20780 MiB, 85 %, 1950 MHz, 1950 MHz, 224.31 W, 64, P2, 0x0000000000000000
2026/08/26 20:35:31.842, 0, 20780 MiB, 84 %, 1950 MHz, 1950 MHz, 224.94 W, 63, P2, 0x0000000000000000
2026/08/26 20:35:32.842, 0, 20780 MiB, 84 %, 1950 MHz, 1950 MHz, 225.81 W, 63, P2, 0x0000000000000000
2026/08/26 20:35:33.842, 0, 20780 MiB, 83 %, 1950 MHz, 1950 MHz, 226.90 W, 63, P2, 0x0000000000000000
2026/08/26 20:35:34.842, 0, 20780 MiB, 84 %, 1950 MHz, 1950 MHz, 213.12 W, 63, P2, 0x0000000000000000
2026/08/26 20:35:35.842, 0, 20780 MiB, 83 %, 1950 MHz, 1950 MHz, 228.63 W, 63, P2, 0x0000000000000000
2026/08/26 20:35:36.842, 0, 20780 MiB, 83 %, 1950 MHz, 1950 MHz, 229.93 W, 63, P2, 0x0000000000000000
2026/08/26 20:35:37.843, 0, 20780 MiB, 80 %, 1950 MHz, 1950 MHz, 226.25 W, 64, P2, 0x0000000000000000
2026/08/26 20:35:38.843, 0, 20780 MiB, 78 %, 1950 MHz, 1950 MHz, 229.36 W, 64, P2, 0x0000000000000000
2026/08/26 20:35:39.843, 0, 20780 MiB, 85 %, 1950 MHz, 1950 MHz, 227.94 W, 63, P2, 0x0000000000000000
2026/08/26 20:35:40.843, 0, 20780 MiB, 84 %, 1950 MHz, 1950 MHz, 226.85 W, 63, P2, 0x0000000000000000
2026/08/26 20:35:41.843, 0, 20780 MiB, 84 %, 1950 MHz, 1950 MHz, 228.20 W, 64, P2, 0x0000000000000000
2026/08/26 20:35:42.843, 0, 20780 MiB, 82 %, 1950 MHz, 1950 MHz, 225.03 W, 63, P2, 0x0000000000000000
2026/08/26 20:35:43.844, 0, 20780 MiB, 85 %, 1950 MHz, 1950 MHz, 225.38 W, 63, P2, 0x0000000000000000
2026/08/26 20:35:44.844, 0, 20780 MiB, 83 %, 1950 MHz, 1950 MHz, 226.48 W, 64, P2, 0x0000000000000000
2026/08/26 20:35:45.844, 0, 20780 MiB, 85 %, 1950 MHz, 1950 MHz, 223.30 W, 64, P2, 0x0000000000000000
2026/08/26 20:35:46.844, 0, 20780 MiB, 78 %, 1950 MHz, 1950 MHz, 210.12 W, 63, P2, 0x0000000000000000
2026/08/26 20:35:47.844, 0, 20780 MiB, 84 %, 1950 MHz, 1950 MHz, 229.71 W, 64, P2, 0x0000000000000000
2026/08/26 20:35:48.844, 0, 20780 MiB, 83 %, 1950 MHz, 1950 MHz, 225.94 W, 64, P2, 0x0000000000000000
2026/08/26 20:35:49.845, 0, 20780 MiB, 78 %, 1950 MHz, 1950 MHz, 230.42 W, 64, P2, 0x0000000000000000
2026/08/26 20:35:50.845, 0, 20780 MiB, 79 %, 1950 MHz, 1950 MHz, 229.76 W, 64, P2, 0x0000000000000000
2026/08/26 20:35:51.845, 0, 20780 MiB, 84 %, 1950 MHz, 1950 MHz, 228.42 W, 64, P2, 0x0000000000000000
2026/08/26 20:35:52.845, 0, 20780 MiB, 85 %, 1950 MHz, 1950 MHz, 227.42 W, 64, P2, 0x0000000000000000
2026/08/26 20:35:53.845, 0, 20780 MiB, 82 %, 1950 MHz, 1950 MHz, 227.78 W, 64, P2, 0x0000000000000000
2026/08/26 20:35:54.845, 0, 20780 MiB, 89 %, 1950 MHz, 1950 MHz, 228.96 W, 64, P2, 0x0000000000000000
2026/08/26 20:35:55.845, 0, 402 MiB, 0 %, 1950 MHz, 1950 MHz, 219.34 W, 62, P2, 0x0000000000000000
2026/08/26 20:35:56.846, 0, 346 MiB, 0 %, 1950 MHz, 1950 MHz, 175.34 W, 62, P2, 0x0000000000000000
2026/08/26 20:35:57.846, 0, 346 MiB, 0 %, 1950 MHz, 1950 MHz, 167.80 W, 61, P2, 0x0000000000000000
2026/08/26 20:35:58.846, 0, 346 MiB, 20 %, 1950 MHz, 1950 MHz, 167.07 W, 61, P2, 0x0000000000000000
2026/08/26 20:35:59.846, 0, 346 MiB, 19 %, 1695 MHz, 1695 MHz, 136.77 W, 59, P2, 0x0000000000000000
2026/08/26 20:36:00.846, 0, 19044 MiB, 100 %, 1950 MHz, 1950 MHz, 133.74 W, 60, P2, 0x0000000000000000
2026/08/26 20:36:01.847, 0, 19044 MiB, 100 %, 1950 MHz, 1950 MHz, 163.75 W, 60, P2, 0x0000000000000000
2026/08/26 20:36:02.847, 0, 19044 MiB, 100 %, 1950 MHz, 1950 MHz, 163.74 W, 60, P2, 0x0000000000000000
2026/08/26 20:36:03.847, 0, 19044 MiB, 100 %, 1950 MHz, 1950 MHz, 164.08 W, 60, P2, 0x0000000000000000
2026/08/26 20:36:04.847, 0, 19044 MiB, 100 %, 1950 MHz, 1950 MHz, 163.44 W, 60, P2, 0x0000000000000000
2026/08/26 20:36:05.847, 0, 19044 MiB, 99 %, 1950 MHz, 1950 MHz, 163.63 W, 60, P2, 0x0000000000000000
2026/08/26 20:36:06.847, 0, 19044 MiB, 100 %, 1950 MHz, 1950 MHz, 163.38 W, 60, P2, 0x0000000000000000
2026/08/26 20:36:07.847, 0, 19044 MiB, 100 %, 1950 MHz, 1950 MHz, 163.65 W, 60, P2, 0x0000000000000000
2026/08/26 20:36:08.847, 0, 19044 MiB, 100 %, 1950 MHz, 1950 MHz, 163.60 W, 60, P2, 0x0000000000000000
2026/08/26 20:36:09.848, 0, 19044 MiB, 100 %, 1950 MHz, 1950 MHz, 163.42 W, 60, P2, 0x0000000000000000
2026/08/26 20:36:10.848, 0, 20188 MiB, 98 %, 1950 MHz, 1950 MHz, 163.42 W, 60, P2, 0x0000000000000000
2026/08/26 20:36:11.848, 0, 22236 MiB, 9 %, 1950 MHz, 1950 MHz, 166.69 W, 59, P2, 0x0000000000000000
2026/08/26 20:36:12.848, 0, 22270 MiB, 74 %, 1950 MHz, 1950 MHz, 276.66 W, 65, P2, 0x0000000000000000
2026/08/26 20:36:13.848, 0, 22270 MiB, 77 %, 1950 MHz, 1950 MHz, 326.39 W, 66, P2, 0x0000000000000000
2026/08/26 20:36:14.848, 0, 22270 MiB, 76 %, 1950 MHz, 1950 MHz, 289.63 W, 66, P2, 0x0000000000000000
2026/08/26 20:36:15.848, 0, 22270 MiB, 75 %, 1950 MHz, 1950 MHz, 325.23 W, 67, P2, 0x0000000000000000
2026/08/26 20:36:16.848, 0, 22270 MiB, 65 %, 1935 MHz, 1935 MHz, 296.32 W, 63, P2, 0x0000000000000000
2026/08/26 20:36:17.849, 0, 22270 MiB, 79 %, 1935 MHz, 1935 MHz, 301.82 W, 67, P2, 0x0000000000000004
2026/08/26 20:36:18.849, 0, 22270 MiB, 77 %, 1950 MHz, 1950 MHz, 322.91 W, 68, P2, 0x0000000000000000
2026/08/26 20:36:19.849, 0, 22286 MiB, 76 %, 1950 MHz, 1950 MHz, 286.73 W, 68, P2, 0x0000000000000000
2026/08/26 20:36:20.849, 0, 22286 MiB, 77 %, 1950 MHz, 1950 MHz, 324.27 W, 68, P2, 0x0000000000000000
2026/08/26 20:36:21.850, 0, 22286 MiB, 72 %, 1950 MHz, 1950 MHz, 292.26 W, 65, P2, 0x0000000000000000
2026/08/26 20:36:22.850, 0, 22286 MiB, 77 %, 1950 MHz, 1950 MHz, 297.37 W, 68, P2, 0x0000000000000000
2026/08/26 20:36:23.850, 0, 22286 MiB, 73 %, 1950 MHz, 1950 MHz, 321.56 W, 69, P2, 0x0000000000000000
2026/08/26 20:36:24.850, 0, 22292 MiB, 73 %, 1950 MHz, 1950 MHz, 216.79 W, 67, P2, 0x0000000000000000
2026/08/26 20:36:25.850, 0, 22292 MiB, 80 %, 1935 MHz, 1935 MHz, 322.00 W, 68, P2, 0x0000000000000000
2026/08/26 20:36:26.851, 0, 22292 MiB, 44 %, 1950 MHz, 1950 MHz, 307.68 W, 66, P2, 0x0000000000000000
2026/08/26 20:36:27.851, 0, 22292 MiB, 79 %, 1935 MHz, 1935 MHz, 296.11 W, 68, P2, 0x0000000000000004
2026/08/26 20:36:28.851, 0, 22292 MiB, 77 %, 1935 MHz, 1935 MHz, 317.89 W, 69, P2, 0x0000000000000000
2026/08/26 20:36:29.851, 0, 22292 MiB, 77 %, 1935 MHz, 1935 MHz, 299.48 W, 70, P2, 0x0000000000000000
2026/08/26 20:36:30.851, 0, 22292 MiB, 76 %, 1920 MHz, 1920 MHz, 326.75 W, 69, P2, 0x0000000000000000
2026/08/26 20:36:31.852, 0, 22292 MiB, 76 %, 1935 MHz, 1935 MHz, 298.70 W, 70, P2, 0x0000000000000000
2026/08/26 20:36:32.852, 0, 22292 MiB, 78 %, 1920 MHz, 1920 MHz, 325.70 W, 70, P2, 0x0000000000000000
2026/08/26 20:36:33.852, 0, 22292 MiB, 72 %, 1905 MHz, 1905 MHz, 291.45 W, 68, P2, 0x0000000000000004
2026/08/26 20:36:34.852, 0, 22292 MiB, 75 %, 1935 MHz, 1935 MHz, 318.56 W, 70, P2, 0x0000000000000000
2026/08/26 20:36:35.853, 0, 22292 MiB, 77 %, 1935 MHz, 1935 MHz, 325.60 W, 71, P2, 0x0000000000000000
2026/08/26 20:36:36.853, 0, 22292 MiB, 77 %, 1935 MHz, 1935 MHz, 301.37 W, 71, P2, 0x0000000000000000
2026/08/26 20:36:37.853, 0, 22292 MiB, 77 %, 1920 MHz, 1920 MHz, 325.08 W, 70, P2, 0x0000000000000000
2026/08/26 20:36:38.853, 0, 414 MiB, 99 %, 1935 MHz, 1935 MHz, 284.74 W, 67, P2, 0x0000000000000000
2026/08/26 20:36:39.853, 0, 346 MiB, 99 %, 1935 MHz, 1935 MHz, 210.55 W, 66, P0, 0x0000000000000000
2026/08/26 20:36:40.854, 0, 346 MiB, 0 %, 1935 MHz, 1935 MHz, 172.61 W, 64, P2, 0x0000000000000024
2026/08/26 20:36:41.854, 0, 346 MiB, 0 %, 1950 MHz, 1950 MHz, 170.35 W, 64, P2, 0x0000000000000000
2026/08/26 20:36:42.854, 0, 19362 MiB, 6 %, 1695 MHz, 1695 MHz, 145.62 W, 61, P2, 0x0000000000000000
2026/08/26 20:36:43.854, 0, 19362 MiB, 83 %, 1950 MHz, 1950 MHz, 137.47 W, 62, P2, 0x0000000000000000
2026/08/26 20:36:44.854, 0, 19362 MiB, 99 %, 1950 MHz, 1950 MHz, 169.00 W, 62, P2, 0x0000000000000000
2026/08/26 20:36:45.855, 0, 19362 MiB, 100 %, 1950 MHz, 1950 MHz, 170.46 W, 62, P2, 0x0000000000000000
2026/08/26 20:36:46.855, 0, 19362 MiB, 100 %, 1950 MHz, 1950 MHz, 170.19 W, 62, P2, 0x0000000000000000
2026/08/26 20:36:47.855, 0, 19362 MiB, 100 %, 1950 MHz, 1950 MHz, 169.93 W, 62, P2, 0x0000000000000000
2026/08/26 20:36:48.855, 0, 19362 MiB, 99 %, 1950 MHz, 1950 MHz, 170.07 W, 62, P2, 0x0000000000000000
2026/08/26 20:36:49.855, 0, 19362 MiB, 100 %, 1950 MHz, 1950 MHz, 169.61 W, 62, P2, 0x0000000000000000
2026/08/26 20:36:50.855, 0, 19362 MiB, 100 %, 1950 MHz, 1950 MHz, 169.30 W, 61, P2, 0x0000000000000000
2026/08/26 20:36:51.856, 0, 19362 MiB, 100 %, 1950 MHz, 1950 MHz, 168.95 W, 61, P2, 0x0000000000000000
2026/08/26 20:36:52.856, 0, 19362 MiB, 99 %, 1950 MHz, 1950 MHz, 168.77 W, 61, P2, 0x0000000000000000
2026/08/26 20:36:53.856, 0, 19362 MiB, 100 %, 1950 MHz, 1950 MHz, 168.68 W, 61, P2, 0x0000000000000000
2026/08/26 20:36:54.856, 0, 20502 MiB, 100 %, 1950 MHz, 1950 MHz, 168.16 W, 61, P2, 0x0000000000000000
2026/08/26 20:36:55.856, 0, 20766 MiB, 88 %, 1950 MHz, 1950 MHz, 173.39 W, 61, P2, 0x0000000000000000
2026/08/26 20:36:56.857, 0, 20768 MiB, 77 %, 1950 MHz, 1950 MHz, 224.10 W, 63, P2, 0x0000000000000000
2026/08/26 20:36:57.857, 0, 20770 MiB, 84 %, 1950 MHz, 1950 MHz, 230.34 W, 62, P2, 0x0000000000000000
2026/08/26 20:36:58.857, 0, 20770 MiB, 82 %, 1950 MHz, 1950 MHz, 228.14 W, 63, P2, 0x0000000000000000
2026/08/26 20:36:59.857, 0, 20770 MiB, 82 %, 1950 MHz, 1950 MHz, 231.43 W, 63, P2, 0x0000000000000000
2026/08/26 20:37:00.857, 0, 20770 MiB, 81 %, 1950 MHz, 1950 MHz, 230.32 W, 63, P2, 0x0000000000000000
2026/08/26 20:37:01.858, 0, 20770 MiB, 84 %, 1950 MHz, 1950 MHz, 228.17 W, 63, P2, 0x0000000000000000
2026/08/26 20:37:02.858, 0, 20770 MiB, 83 %, 1950 MHz, 1950 MHz, 230.17 W, 63, P2, 0x0000000000000000
2026/08/26 20:37:03.858, 0, 20774 MiB, 84 %, 1950 MHz, 1950 MHz, 233.10 W, 63, P2, 0x0000000000000000
2026/08/26 20:37:04.858, 0, 20774 MiB, 85 %, 1950 MHz, 1950 MHz, 230.90 W, 63, P2, 0x0000000000000000
2026/08/26 20:37:05.858, 0, 20774 MiB, 83 %, 1950 MHz, 1950 MHz, 228.25 W, 63, P2, 0x0000000000000000
2026/08/26 20:37:06.859, 0, 20774 MiB, 82 %, 1950 MHz, 1950 MHz, 230.52 W, 63, P2, 0x0000000000000000
2026/08/26 20:37:07.859, 0, 20774 MiB, 28 %, 1950 MHz, 1950 MHz, 222.26 W, 63, P2, 0x0000000000000000
2026/08/26 20:37:08.859, 0, 20774 MiB, 81 %, 1950 MHz, 1950 MHz, 231.80 W, 64, P2, 0x0000000000000000
2026/08/26 20:37:09.859, 0, 20774 MiB, 81 %, 1950 MHz, 1950 MHz, 233.46 W, 63, P2, 0x0000000000000000
2026/08/26 20:37:10.859, 0, 20774 MiB, 84 %, 1950 MHz, 1950 MHz, 231.42 W, 63, P2, 0x0000000000000000
2026/08/26 20:37:11.860, 0, 20774 MiB, 84 %, 1950 MHz, 1950 MHz, 232.84 W, 63, P2, 0x0000000000000000
2026/08/26 20:37:12.860, 0, 20774 MiB, 83 %, 1950 MHz, 1950 MHz, 235.24 W, 63, P2, 0x0000000000000000
2026/08/26 20:37:13.860, 0, 20774 MiB, 81 %, 1950 MHz, 1950 MHz, 230.37 W, 63, P2, 0x0000000000000000
2026/08/26 20:37:14.860, 0, 20774 MiB, 83 %, 1950 MHz, 1950 MHz, 232.75 W, 63, P2, 0x0000000000000000
2026/08/26 20:37:15.860, 0, 20774 MiB, 84 %, 1950 MHz, 1950 MHz, 230.87 W, 63, P2, 0x0000000000000000
2026/08/26 20:37:16.861, 0, 20774 MiB, 84 %, 1950 MHz, 1950 MHz, 232.85 W, 64, P2, 0x0000000000000000
2026/08/26 20:37:17.861, 0, 20774 MiB, 67 %, 1950 MHz, 1950 MHz, 216.19 W, 63, P2, 0x0000000000000000
2026/08/26 20:37:18.861, 0, 20774 MiB, 84 %, 1950 MHz, 1950 MHz, 232.01 W, 63, P2, 0x0000000000000000
2026/08/26 20:37:19.861, 0, 20774 MiB, 84 %, 1950 MHz, 1950 MHz, 229.80 W, 63, P2, 0x0000000000000000
2026/08/26 20:37:20.862, 0, 20774 MiB, 84 %, 1950 MHz, 1950 MHz, 230.60 W, 63, P2, 0x0000000000000000
2026/08/26 20:37:21.862, 0, 20774 MiB, 84 %, 1950 MHz, 1950 MHz, 229.61 W, 63, P2, 0x0000000000000000
2026/08/26 20:37:22.862, 0, 20774 MiB, 84 %, 1950 MHz, 1950 MHz, 230.04 W, 63, P2, 0x0000000000000000
2026/08/26 20:37:23.862, 0, 20774 MiB, 83 %, 1950 MHz, 1950 MHz, 229.01 W, 63, P2, 0x0000000000000000
2026/08/26 20:37:24.862, 0, 20774 MiB, 82 %, 1950 MHz, 1950 MHz, 230.42 W, 63, P2, 0x0000000000000000
2026/08/26 20:37:25.862, 0, 20774 MiB, 80 %, 1950 MHz, 1950 MHz, 228.23 W, 63, P2, 0x0000000000000000
2026/08/26 20:37:26.862, 0, 20774 MiB, 81 %, 1950 MHz, 1950 MHz, 227.43 W, 63, P2, 0x0000000000000000
2026/08/26 20:37:27.863, 0, 20774 MiB, 83 %, 1950 MHz, 1950 MHz, 227.23 W, 63, P2, 0x0000000000000000
2026/08/26 20:37:28.863, 0, 20774 MiB, 83 %, 1950 MHz, 1950 MHz, 232.71 W, 64, P2, 0x0000000000000000
2026/08/26 20:37:29.863, 0, 20774 MiB, 64 %, 1950 MHz, 1950 MHz, 214.38 W, 63, P2, 0x0000000000000000
2026/08/26 20:37:30.863, 0, 20774 MiB, 83 %, 1950 MHz, 1950 MHz, 233.08 W, 63, P2, 0x0000000000000000
2026/08/26 20:37:31.863, 0, 20774 MiB, 84 %, 1950 MHz, 1950 MHz, 231.83 W, 63, P2, 0x0000000000000000
2026/08/26 20:37:32.863, 0, 20774 MiB, 84 %, 1950 MHz, 1950 MHz, 230.76 W, 63, P2, 0x0000000000000000
2026/08/26 20:37:33.863, 0, 20774 MiB, 83 %, 1950 MHz, 1950 MHz, 228.19 W, 63, P2, 0x0000000000000000
2026/08/26 20:37:34.863, 0, 20774 MiB, 84 %, 1950 MHz, 1950 MHz, 229.73 W, 63, P2, 0x0000000000000000
2026/08/26 20:37:35.864, 0, 20774 MiB, 83 %, 1950 MHz, 1950 MHz, 231.46 W, 63, P2, 0x0000000000000000
2026/08/26 20:37:36.864, 0, 20774 MiB, 85 %, 1950 MHz, 1950 MHz, 229.57 W, 63, P2, 0x0000000000000000
2026/08/26 20:37:37.864, 0, 20774 MiB, 84 %, 1950 MHz, 1950 MHz, 230.12 W, 63, P2, 0x0000000000000000
2026/08/26 20:37:38.864, 0, 20774 MiB, 83 %, 1950 MHz, 1950 MHz, 230.16 W, 63, P2, 0x0000000000000000
2026/08/26 20:37:39.864, 0, 20774 MiB, 84 %, 1950 MHz, 1950 MHz, 222.52 W, 62, P2, 0x0000000000000000
2026/08/26 20:37:40.864, 0, 20774 MiB, 82 %, 1950 MHz, 1950 MHz, 217.42 W, 63, P2, 0x0000000000000000
2026/08/26 20:37:41.865, 0, 20774 MiB, 80 %, 1950 MHz, 1950 MHz, 229.34 W, 63, P2, 0x0000000000000000
2026/08/26 20:37:42.865, 0, 20774 MiB, 84 %, 1950 MHz, 1950 MHz, 232.22 W, 63, P2, 0x0000000000000000
2026/08/26 20:37:43.865, 0, 20774 MiB, 84 %, 1950 MHz, 1950 MHz, 228.79 W, 63, P2, 0x0000000000000000
2026/08/26 20:37:44.865, 0, 20774 MiB, 85 %, 1950 MHz, 1950 MHz, 231.26 W, 63, P2, 0x0000000000000000
2026/08/26 20:37:45.865, 0, 20774 MiB, 85 %, 1950 MHz, 1950 MHz, 230.07 W, 64, P2, 0x0000000000000000
2026/08/26 20:37:46.865, 0, 20774 MiB, 82 %, 1950 MHz, 1950 MHz, 230.20 W, 63, P2, 0x0000000000000000
2026/08/26 20:37:47.865, 0, 20774 MiB, 85 %, 1950 MHz, 1950 MHz, 228.55 W, 63, P2, 0x0000000000000000
2026/08/26 20:37:48.866, 0, 20774 MiB, 83 %, 1950 MHz, 1950 MHz, 231.07 W, 63, P2, 0x0000000000000000
2026/08/26 20:37:49.866, 0, 20780 MiB, 14 %, 1935 MHz, 1935 MHz, 202.91 W, 61, P2, 0x0000000000000004
2026/08/26 20:37:50.866, 0, 20780 MiB, 81 %, 1950 MHz, 1950 MHz, 219.52 W, 63, P2, 0x0000000000000000
2026/08/26 20:37:51.866, 0, 20780 MiB, 84 %, 1950 MHz, 1950 MHz, 236.41 W, 63, P2, 0x0000000000000000
2026/08/26 20:37:52.866, 0, 20780 MiB, 82 %, 1950 MHz, 1950 MHz, 232.46 W, 63, P2, 0x0000000000000000
2026/08/26 20:37:53.866, 0, 20780 MiB, 82 %, 1950 MHz, 1950 MHz, 232.55 W, 63, P2, 0x0000000000000000
2026/08/26 20:37:54.866, 0, 20780 MiB, 83 %, 1950 MHz, 1950 MHz, 229.18 W, 63, P2, 0x0000000000000000
2026/08/26 20:37:55.866, 0, 20780 MiB, 80 %, 1950 MHz, 1950 MHz, 230.21 W, 63, P2, 0x0000000000000000
2026/08/26 20:37:56.867, 0, 20780 MiB, 80 %, 1950 MHz, 1950 MHz, 229.98 W, 63, P2, 0x0000000000000000
2026/08/26 20:37:57.867, 0, 20780 MiB, 48 %, 1935 MHz, 1935 MHz, 217.77 W, 63, P2, 0x0000000000000004
2026/08/26 20:37:58.867, 0, 20780 MiB, 83 %, 1950 MHz, 1950 MHz, 233.35 W, 63, P2, 0x0000000000000000
2026/08/26 20:37:59.867, 0, 20780 MiB, 82 %, 1950 MHz, 1950 MHz, 232.47 W, 63, P2, 0x0000000000000000
2026/08/26 20:38:00.867, 0, 20780 MiB, 84 %, 1950 MHz, 1950 MHz, 231.67 W, 63, P2, 0x0000000000000000
2026/08/26 20:38:01.867, 0, 20780 MiB, 84 %, 1950 MHz, 1950 MHz, 229.94 W, 63, P2, 0x0000000000000000
2026/08/26 20:38:02.868, 0, 20780 MiB, 83 %, 1950 MHz, 1950 MHz, 227.16 W, 63, P2, 0x0000000000000000
2026/08/26 20:38:03.868, 0, 20780 MiB, 81 %, 1950 MHz, 1950 MHz, 227.69 W, 63, P2, 0x0000000000000000
2026/08/26 20:38:04.868, 0, 20780 MiB, 83 %, 1950 MHz, 1950 MHz, 229.93 W, 63, P2, 0x0000000000000000
2026/08/26 20:38:05.868, 0, 20780 MiB, 84 %, 1950 MHz, 1950 MHz, 231.42 W, 63, P2, 0x0000000000000000
2026/08/26 20:38:06.868, 0, 20780 MiB, 83 %, 1950 MHz, 1950 MHz, 232.03 W, 63, P2, 0x0000000000000000
2026/08/26 20:38:07.869, 0, 20780 MiB, 84 %, 1905 MHz, 1905 MHz, 222.28 W, 63, P2, 0x0000000000000004
2026/08/26 20:38:08.869, 0, 20780 MiB, 81 %, 1950 MHz, 1950 MHz, 223.09 W, 63, P2, 0x0000000000000000
2026/08/26 20:38:09.869, 0, 20780 MiB, 82 %, 1950 MHz, 1950 MHz, 231.60 W, 63, P2, 0x0000000000000000
2026/08/26 20:38:10.869, 0, 20780 MiB, 81 %, 1950 MHz, 1950 MHz, 233.19 W, 64, P2, 0x0000000000000000
2026/08/26 20:38:11.869, 0, 20780 MiB, 83 %, 1950 MHz, 1950 MHz, 230.37 W, 63, P2, 0x0000000000000000
2026/08/26 20:38:12.869, 0, 20780 MiB, 79 %, 1950 MHz, 1950 MHz, 230.16 W, 63, P2, 0x0000000000000000
2026/08/26 20:38:13.870, 0, 20780 MiB, 81 %, 1950 MHz, 1950 MHz, 230.01 W, 63, P2, 0x0000000000000000
2026/08/26 20:38:14.870, 0, 20780 MiB, 84 %, 1950 MHz, 1950 MHz, 233.95 W, 63, P2, 0x0000000000000000
2026/08/26 20:38:15.870, 0, 20780 MiB, 29 %, 1950 MHz, 1950 MHz, 218.09 W, 63, P2, 0x0000000000000000
2026/08/26 20:38:16.870, 0, 20780 MiB, 82 %, 1950 MHz, 1950 MHz, 229.93 W, 63, P2, 0x0000000000000000
2026/08/26 20:38:17.870, 0, 20780 MiB, 83 %, 1950 MHz, 1950 MHz, 232.54 W, 64, P2, 0x0000000000000000
2026/08/26 20:38:18.871, 0, 20780 MiB, 81 %, 1950 MHz, 1950 MHz, 232.13 W, 63, P2, 0x0000000000000000
2026/08/26 20:38:19.871, 0, 20780 MiB, 83 %, 1950 MHz, 1950 MHz, 227.22 W, 63, P2, 0x0000000000000000
2026/08/26 20:38:20.871, 0, 20780 MiB, 81 %, 1950 MHz, 1950 MHz, 230.07 W, 64, P2, 0x0000000000000000
2026/08/26 20:38:21.871, 0, 20780 MiB, 79 %, 1950 MHz, 1950 MHz, 231.22 W, 64, P2, 0x0000000000000000
2026/08/26 20:38:22.871, 0, 20780 MiB, 80 %, 1950 MHz, 1950 MHz, 227.68 W, 63, P2, 0x0000000000000000
2026/08/26 20:38:23.871, 0, 20780 MiB, 80 %, 1950 MHz, 1950 MHz, 227.44 W, 63, P2, 0x0000000000000000
2026/08/26 20:38:24.872, 0, 20780 MiB, 84 %, 1950 MHz, 1950 MHz, 227.51 W, 63, P2, 0x0000000000000000
2026/08/26 20:38:25.872, 0, 20780 MiB, 81 %, 1950 MHz, 1950 MHz, 229.07 W, 63, P2, 0x0000000000000000
2026/08/26 20:38:26.872, 0, 20780 MiB, 83 %, 1950 MHz, 1950 MHz, 232.20 W, 63, P2, 0x0000000000000000
2026/08/26 20:38:27.872, 0, 20780 MiB, 84 %, 1950 MHz, 1950 MHz, 215.51 W, 63, P2, 0x0000000000000000
2026/08/26 20:38:28.872, 0, 20780 MiB, 81 %, 1950 MHz, 1950 MHz, 230.26 W, 63, P2, 0x0000000000000000
2026/08/26 20:38:29.873, 0, 20780 MiB, 83 %, 1950 MHz, 1950 MHz, 232.86 W, 63, P2, 0x0000000000000000
2026/08/26 20:38:30.873, 0, 20780 MiB, 83 %, 1950 MHz, 1950 MHz, 228.21 W, 63, P2, 0x0000000000000000
2026/08/26 20:38:31.873, 0, 20780 MiB, 80 %, 1950 MHz, 1950 MHz, 230.76 W, 63, P2, 0x0000000000000000
2026/08/26 20:38:32.873, 0, 20780 MiB, 81 %, 1950 MHz, 1950 MHz, 229.57 W, 63, P2, 0x0000000000000000
2026/08/26 20:38:33.874, 0, 20780 MiB, 84 %, 1950 MHz, 1950 MHz, 230.60 W, 63, P2, 0x0000000000000000
2026/08/26 20:38:34.874, 0, 20780 MiB, 84 %, 1950 MHz, 1950 MHz, 230.73 W, 63, P2, 0x0000000000000000
2026/08/26 20:38:35.874, 0, 20780 MiB, 84 %, 1950 MHz, 1950 MHz, 226.92 W, 63, P2, 0x0000000000000000
2026/08/26 20:38:36.874, 0, 20780 MiB, 81 %, 1950 MHz, 1950 MHz, 230.10 W, 63, P2, 0x0000000000000000
2026/08/26 20:38:37.874, 0, 20780 MiB, 81 %, 1950 MHz, 1950 MHz, 227.96 W, 63, P2, 0x0000000000000000
2026/08/26 20:38:38.875, 0, 20780 MiB, 78 %, 1950 MHz, 1950 MHz, 227.94 W, 63, P2, 0x0000000000000000
2026/08/26 20:38:39.875, 0, 20780 MiB, 68 %, 1950 MHz, 1950 MHz, 219.25 W, 63, P2, 0x0000000000000000
2026/08/26 20:38:40.875, 0, 20780 MiB, 78 %, 1950 MHz, 1950 MHz, 231.17 W, 63, P2, 0x0000000000000000
2026/08/26 20:38:41.875, 0, 20780 MiB, 80 %, 1950 MHz, 1950 MHz, 232.81 W, 63, P2, 0x0000000000000000
2026/08/26 20:38:42.876, 0, 20780 MiB, 80 %, 1950 MHz, 1950 MHz, 233.39 W, 64, P2, 0x0000000000000000
2026/08/26 20:38:43.876, 0, 20780 MiB, 83 %, 1950 MHz, 1950 MHz, 228.37 W, 63, P2, 0x0000000000000000
2026/08/26 20:38:44.876, 0, 20780 MiB, 85 %, 1950 MHz, 1950 MHz, 228.71 W, 63, P2, 0x0000000000000000
2026/08/26 20:38:45.876, 0, 20780 MiB, 80 %, 1950 MHz, 1950 MHz, 229.64 W, 64, P2, 0x0000000000000000
2026/08/26 20:38:46.876, 0, 20780 MiB, 83 %, 1950 MHz, 1950 MHz, 226.68 W, 63, P2, 0x0000000000000000
2026/08/26 20:38:47.877, 0, 20780 MiB, 82 %, 1950 MHz, 1950 MHz, 235.05 W, 64, P2, 0x0000000000000000
2026/08/26 20:38:48.877, 0, 346 MiB, 67 %, 1950 MHz, 1950 MHz, 203.55 W, 62, P2, 0x0000000000000000
2026/08/26 20:38:50.055, 0, 346 MiB, 0 %, 1950 MHz, 1950 MHz, 167.81 W, 61, P2, 0x0000000000000000
2026/08/26 20:38:51.055, 0, 346 MiB, 19 %, 1695 MHz, 1695 MHz, 164.62 W, 59, P2, 0x0000000000000000
2026/08/26 20:38:52.055, 0, 346 MiB, 15 %, 1695 MHz, 1695 MHz, 132.58 W, 59, P2, 0x0000000000000000
2026/08/26 20:38:53.055, 0, 19044 MiB, 15 %, 1950 MHz, 1950 MHz, 136.57 W, 58, P2, 0x0000000000000000
2026/08/26 20:38:54.055, 0, 19044 MiB, 100 %, 1950 MHz, 1950 MHz, 163.74 W, 60, P2, 0x0000000000000000
2026/08/26 20:38:55.056, 0, 19044 MiB, 100 %, 1950 MHz, 1950 MHz, 165.00 W, 59, P2, 0x0000000000000000
2026/08/26 20:38:56.056, 0, 19044 MiB, 99 %, 1950 MHz, 1950 MHz, 164.52 W, 59, P2, 0x0000000000000000
2026/08/26 20:38:57.056, 0, 19044 MiB, 100 %, 1950 MHz, 1950 MHz, 164.59 W, 59, P2, 0x0000000000000000
2026/08/26 20:38:58.056, 0, 19044 MiB, 100 %, 1950 MHz, 1950 MHz, 164.16 W, 59, P2, 0x0000000000000000
2026/08/26 20:38:59.056, 0, 19044 MiB, 100 %, 1950 MHz, 1950 MHz, 162.54 W, 59, P2, 0x0000000000000000
2026/08/26 20:39:00.056, 0, 19044 MiB, 100 %, 1950 MHz, 1950 MHz, 164.41 W, 59, P2, 0x0000000000000000
2026/08/26 20:39:01.057, 0, 19044 MiB, 99 %, 1950 MHz, 1950 MHz, 164.04 W, 59, P2, 0x0000000000000000
2026/08/26 20:39:02.057, 0, 19044 MiB, 99 %, 1950 MHz, 1950 MHz, 164.45 W, 59, P2, 0x0000000000000000
2026/08/26 20:39:03.057, 0, 19044 MiB, 100 %, 1950 MHz, 1950 MHz, 164.27 W, 59, P2, 0x0000000000000000
2026/08/26 20:39:04.057, 0, 21094 MiB, 0 %, 1950 MHz, 1950 MHz, 164.85 W, 59, P2, 0x0000000000000000
2026/08/26 20:39:05.057, 0, 22236 MiB, 0 %, 1950 MHz, 1950 MHz, 158.80 W, 58, P2, 0x0000000000000000
2026/08/26 20:39:06.057, 0, 22270 MiB, 76 %, 1950 MHz, 1950 MHz, 283.31 W, 64, P2, 0x0000000000000000
2026/08/26 20:39:07.057, 0, 22270 MiB, 77 %, 1950 MHz, 1950 MHz, 323.13 W, 65, P2, 0x0000000000000000
2026/08/26 20:39:08.058, 0, 22270 MiB, 75 %, 1950 MHz, 1950 MHz, 298.55 W, 65, P2, 0x0000000000000000
2026/08/26 20:39:09.058, 0, 22270 MiB, 75 %, 1950 MHz, 1950 MHz, 329.44 W, 66, P2, 0x0000000000000000
2026/08/26 20:39:10.058, 0, 22270 MiB, 78 %, 1950 MHz, 1950 MHz, 289.64 W, 64, P2, 0x0000000000000000
2026/08/26 20:39:11.058, 0, 22270 MiB, 80 %, 1950 MHz, 1950 MHz, 321.27 W, 66, P2, 0x0000000000000000
2026/08/26 20:39:12.058, 0, 22270 MiB, 80 %, 1950 MHz, 1950 MHz, 322.91 W, 67, P2, 0x0000000000000000
2026/08/26 20:39:13.059, 0, 22286 MiB, 75 %, 1950 MHz, 1950 MHz, 282.98 W, 67, P2, 0x0000000000000000
2026/08/26 20:39:14.059, 0, 22286 MiB, 77 %, 1950 MHz, 1950 MHz, 325.56 W, 67, P2, 0x0000000000000000
2026/08/26 20:39:15.059, 0, 22286 MiB, 71 %, 1950 MHz, 1950 MHz, 293.14 W, 66, P2, 0x0000000000000000
2026/08/26 20:39:16.059, 0, 22286 MiB, 76 %, 1950 MHz, 1950 MHz, 321.61 W, 68, P2, 0x0000000000000000
2026/08/26 20:39:17.059, 0, 22292 MiB, 66 %, 1950 MHz, 1950 MHz, 306.80 W, 66, P2, 0x0000000000000000
2026/08/26 20:39:18.060, 0, 22292 MiB, 77 %, 1950 MHz, 1950 MHz, 227.17 W, 67, P2, 0x0000000000000000
2026/08/26 20:39:19.060, 0, 22292 MiB, 73 %, 1935 MHz, 1935 MHz, 322.48 W, 67, P2, 0x0000000000000004
2026/08/26 20:39:20.060, 0, 22292 MiB, 74 %, 1935 MHz, 1935 MHz, 286.95 W, 66, P2, 0x0000000000000004
2026/08/26 20:39:21.060, 0, 22292 MiB, 76 %, 1950 MHz, 1950 MHz, 312.54 W, 68, P2, 0x0000000000000004
2026/08/26 20:39:22.060, 0, 22292 MiB, 79 %, 1950 MHz, 1950 MHz, 318.55 W, 68, P2, 0x0000000000000000
2026/08/26 20:39:23.061, 0, 22292 MiB, 77 %, 1950 MHz, 1950 MHz, 291.44 W, 69, P2, 0x0000000000000000
2026/08/26 20:39:24.061, 0, 22292 MiB, 79 %, 1950 MHz, 1950 MHz, 327.30 W, 68, P2, 0x0000000000000000
2026/08/26 20:39:25.061, 0, 22292 MiB, 74 %, 1950 MHz, 1950 MHz, 290.09 W, 69, P2, 0x0000000000000000
2026/08/26 20:39:26.061, 0, 22292 MiB, 77 %, 1935 MHz, 1935 MHz, 321.79 W, 68, P2, 0x0000000000000004
2026/08/26 20:39:27.061, 0, 22292 MiB, 71 %, 1950 MHz, 1950 MHz, 291.26 W, 68, P2, 0x0000000000000000
2026/08/26 20:39:28.062, 0, 22292 MiB, 77 %, 1950 MHz, 1950 MHz, 319.20 W, 69, P2, 0x0000000000000000
2026/08/26 20:39:29.062, 0, 22292 MiB, 77 %, 1935 MHz, 1935 MHz, 318.01 W, 69, P2, 0x0000000000000000
2026/08/26 20:39:30.062, 0, 22292 MiB, 74 %, 1935 MHz, 1935 MHz, 297.20 W, 69, P2, 0x0000000000000000
2026/08/26 20:39:31.062, 0, 22292 MiB, 75 %, 1935 MHz, 1935 MHz, 331.04 W, 70, P2, 0x0000000000000000
2026/08/26 20:39:32.062, 0, 414 MiB, 19 %, 1935 MHz, 1935 MHz, 293.37 W, 66, P2, 0x0000000000000000
2026/08/26 20:39:33.063, 0, 346 MiB, 19 %, 1935 MHz, 1935 MHz, 205.24 W, 65, P0, 0x0000000000000000
2026/08/26 20:39:34.072, 0, 346 MiB, 0 %, 1950 MHz, 1950 MHz, 172.04 W, 64, P2, 0x0000000000000000
2026/08/26 20:39:35.072, 0, 346 MiB, 6 %, 1950 MHz, 1950 MHz, 170.20 W, 63, P2, 0x0000000000000000
2026/08/26 20:39:36.072, 0, 20144 MiB, 6 %, 1695 MHz, 1695 MHz, 146.13 W, 61, P2, 0x0000000000000000
2026/08/26 20:39:37.072, 0, 20144 MiB, 100 %, 1950 MHz, 1950 MHz, 149.76 W, 62, P2, 0x0000000000000000
2026/08/26 20:39:38.072, 0, 20144 MiB, 100 %, 1950 MHz, 1950 MHz, 170.02 W, 62, P2, 0x0000000000000000
2026/08/26 20:39:39.073, 0, 20144 MiB, 99 %, 1950 MHz, 1950 MHz, 169.83 W, 62, P2, 0x0000000000000000
2026/08/26 20:39:40.073, 0, 20144 MiB, 100 %, 1950 MHz, 1950 MHz, 169.40 W, 62, P2, 0x0000000000000000
2026/08/26 20:39:41.073, 0, 20144 MiB, 100 %, 1950 MHz, 1950 MHz, 169.07 W, 62, P2, 0x0000000000000000
2026/08/26 20:39:42.073, 0, 20144 MiB, 100 %, 1950 MHz, 1950 MHz, 168.87 W, 61, P2, 0x0000000000000000
2026/08/26 20:39:43.073, 0, 20144 MiB, 99 %, 1950 MHz, 1950 MHz, 168.77 W, 61, P2, 0x0000000000000000
2026/08/26 20:39:44.073, 0, 20144 MiB, 100 %, 1950 MHz, 1950 MHz, 168.49 W, 61, P2, 0x0000000000000000
2026/08/26 20:39:45.074, 0, 20144 MiB, 100 %, 1950 MHz, 1950 MHz, 168.44 W, 61, P2, 0x0000000000000000
2026/08/26 20:39:46.074, 0, 20144 MiB, 100 %, 1950 MHz, 1950 MHz, 168.27 W, 61, P2, 0x0000000000000000
2026/08/26 20:39:47.074, 0, 20144 MiB, 100 %, 1950 MHz, 1950 MHz, 167.99 W, 61, P2, 0x0000000000000000
2026/08/26 20:39:48.074, 0, 20144 MiB, 99 %, 1950 MHz, 1950 MHz, 167.70 W, 61, P2, 0x0000000000000000
2026/08/26 20:39:49.074, 0, 20816 MiB, 38 %, 1950 MHz, 1950 MHz, 185.26 W, 64, P2, 0x0000000000000000
2026/08/26 20:39:50.075, 0, 20816 MiB, 76 %, 1950 MHz, 1950 MHz, 317.63 W, 66, P2, 0x0000000000000000
2026/08/26 20:39:51.075, 0, 20816 MiB, 78 %, 1950 MHz, 1950 MHz, 329.17 W, 67, P2, 0x0000000000000000
2026/08/26 20:39:52.075, 0, 20816 MiB, 78 %, 1950 MHz, 1950 MHz, 294.18 W, 67, P2, 0x0000000000000000
2026/08/26 20:39:53.075, 0, 20816 MiB, 78 %, 1950 MHz, 1950 MHz, 330.61 W, 68, P2, 0x0000000000000000
2026/08/26 20:39:54.075, 0, 20816 MiB, 77 %, 1950 MHz, 1950 MHz, 330.40 W, 68, P2, 0x0000000000000000
2026/08/26 20:39:55.076, 0, 20816 MiB, 40 %, 1950 MHz, 1950 MHz, 299.69 W, 68, P2, 0x0000000000000000
2026/08/26 20:39:56.076, 0, 20816 MiB, 78 %, 1950 MHz, 1950 MHz, 332.87 W, 69, P2, 0x0000000000000000
2026/08/26 20:39:57.076, 0, 20816 MiB, 78 %, 1950 MHz, 1950 MHz, 332.56 W, 69, P2, 0x0000000000000000
2026/08/26 20:39:58.076, 0, 20816 MiB, 78 %, 1950 MHz, 1950 MHz, 289.63 W, 69, P2, 0x0000000000000000
2026/08/26 20:39:59.076, 0, 20816 MiB, 78 %, 1935 MHz, 1935 MHz, 332.44 W, 69, P2, 0x0000000000000000
2026/08/26 20:40:00.077, 0, 20816 MiB, 77 %, 1935 MHz, 1935 MHz, 330.07 W, 70, P2, 0x0000000000000000
2026/08/26 20:40:01.077, 0, 20816 MiB, 78 %, 1935 MHz, 1935 MHz, 287.36 W, 70, P2, 0x0000000000000000
2026/08/26 20:40:02.077, 0, 20816 MiB, 79 %, 1935 MHz, 1935 MHz, 333.55 W, 70, P2, 0x0000000000000000
2026/08/26 20:40:03.077, 0, 20824 MiB, 79 %, 1935 MHz, 1935 MHz, 320.27 W, 67, P2, 0x0000000000000000
2026/08/26 20:40:04.077, 0, 20824 MiB, 79 %, 1935 MHz, 1935 MHz, 259.25 W, 70, P2, 0x0000000000000000
2026/08/26 20:40:05.078, 0, 20824 MiB, 79 %, 1935 MHz, 1935 MHz, 333.45 W, 70, P2, 0x0000000000000000
2026/08/26 20:40:06.078, 0, 20824 MiB, 78 %, 1935 MHz, 1935 MHz, 332.57 W, 71, P2, 0x0000000000000000
2026/08/26 20:40:07.078, 0, 20824 MiB, 77 %, 1935 MHz, 1935 MHz, 289.30 W, 71, P2, 0x0000000000000000
2026/08/26 20:40:08.078, 0, 20824 MiB, 79 %, 1935 MHz, 1935 MHz, 334.99 W, 71, P2, 0x0000000000000000
2026/08/26 20:40:09.078, 0, 20824 MiB, 77 %, 1935 MHz, 1935 MHz, 322.98 W, 68, P2, 0x0000000000000000
2026/08/26 20:40:10.079, 0, 20824 MiB, 78 %, 1935 MHz, 1935 MHz, 306.10 W, 71, P2, 0x0000000000000000
2026/08/26 20:40:11.079, 0, 20824 MiB, 77 %, 1935 MHz, 1935 MHz, 338.47 W, 72, P2, 0x0000000000000000
2026/08/26 20:40:12.079, 0, 20824 MiB, 78 %, 1860 MHz, 1860 MHz, 305.57 W, 69, P2, 0x0000000000000004
2026/08/26 20:40:13.079, 0, 20824 MiB, 74 %, 1935 MHz, 1935 MHz, 316.53 W, 72, P2, 0x0000000000000000
2026/08/26 20:40:14.080, 0, 20824 MiB, 78 %, 1935 MHz, 1935 MHz, 337.58 W, 72, P2, 0x0000000000000000
2026/08/26 20:40:15.080, 0, 20824 MiB, 79 %, 1935 MHz, 1935 MHz, 304.15 W, 72, P2, 0x0000000000000000
2026/08/26 20:40:16.080, 0, 20824 MiB, 77 %, 1935 MHz, 1935 MHz, 337.20 W, 73, P2, 0x0000000000000000
2026/08/26 20:40:17.080, 0, 20824 MiB, 78 %, 1935 MHz, 1935 MHz, 339.53 W, 73, P2, 0x0000000000000000
2026/08/26 20:40:18.080, 0, 20824 MiB, 32 %, 1935 MHz, 1935 MHz, 304.75 W, 73, P2, 0x0000000000000000
2026/08/26 20:40:19.081, 0, 20824 MiB, 78 %, 1935 MHz, 1935 MHz, 342.45 W, 73, P2, 0x0000000000000000
2026/08/26 20:40:20.081, 0, 392 MiB, 77 %, 1935 MHz, 1935 MHz, 339.23 W, 73, P2, 0x0000000000000000
2026/08/26 20:40:21.081, 0, 346 MiB, 100 %, 1935 MHz, 1935 MHz, 206.68 W, 67, P0, 0x0000000000000000
2026/08/26 20:40:22.105, 0, 346 MiB, 0 %, 1935 MHz, 1935 MHz, 176.82 W, 66, P2, 0x0000000000000000
2026/08/26 20:40:23.106, 0, 346 MiB, 0 %, 1935 MHz, 1935 MHz, 174.01 W, 65, P2, 0x0000000000000000
2026/08/26 20:40:24.106, 0, 346 MiB, 0 %, 1695 MHz, 1695 MHz, 153.66 W, 63, P2, 0x0000000000000000
2026/08/26 20:40:25.106, 0, 19044 MiB, 0 %, 1695 MHz, 1695 MHz, 135.20 W, 62, P2, 0x0000000000000000
2026/08/26 20:40:26.106, 0, 19044 MiB, 99 %, 1950 MHz, 1950 MHz, 162.92 W, 63, P2, 0x0000000000000000
2026/08/26 20:40:27.106, 0, 19044 MiB, 100 %, 1950 MHz, 1950 MHz, 172.41 W, 63, P2, 0x0000000000000000
2026/08/26 20:40:28.107, 0, 19044 MiB, 100 %, 1950 MHz, 1950 MHz, 171.56 W, 63, P2, 0x0000000000000000
2026/08/26 20:40:29.107, 0, 19044 MiB, 100 %, 1950 MHz, 1950 MHz, 171.57 W, 63, P2, 0x0000000000000000
2026/08/26 20:40:30.107, 0, 19044 MiB, 100 %, 1950 MHz, 1950 MHz, 171.57 W, 62, P2, 0x0000000000000000
2026/08/26 20:40:31.107, 0, 19044 MiB, 99 %, 1950 MHz, 1950 MHz, 170.96 W, 62, P2, 0x0000000000000000
2026/08/26 20:40:32.116, 0, 19044 MiB, 100 %, 1950 MHz, 1950 MHz, 170.85 W, 62, P2, 0x0000000000000000
2026/08/26 20:40:33.116, 0, 19044 MiB, 100 %, 1950 MHz, 1950 MHz, 170.59 W, 62, P2, 0x0000000000000000
2026/08/26 20:40:34.116, 0, 19044 MiB, 100 %, 1950 MHz, 1950 MHz, 170.07 W, 62, P2, 0x0000000000000000
2026/08/26 20:40:35.116, 0, 19044 MiB, 99 %, 1950 MHz, 1950 MHz, 170.35 W, 61, P2, 0x0000000000000000
2026/08/26 20:40:36.117, 0, 20188 MiB, 100 %, 1950 MHz, 1950 MHz, 170.01 W, 61, P2, 0x0000000000000000
2026/08/26 20:40:37.117, 0, 22236 MiB, 0 %, 1950 MHz, 1950 MHz, 171.42 W, 61, P2, 0x0000000000000000
2026/08/26 20:40:38.117, 0, 22270 MiB, 61 %, 1950 MHz, 1950 MHz, 239.28 W, 66, P2, 0x0000000000000000
2026/08/26 20:40:39.117, 0, 22270 MiB, 78 %, 1935 MHz, 1935 MHz, 317.27 W, 67, P2, 0x0000000000000004
2026/08/26 20:40:40.117, 0, 22270 MiB, 76 %, 1950 MHz, 1950 MHz, 297.62 W, 66, P2, 0x0000000000000000
2026/08/26 20:40:41.118, 0, 22270 MiB, 78 %, 1950 MHz, 1950 MHz, 322.52 W, 68, P2, 0x0000000000000000
2026/08/26 20:40:42.125, 0, 22270 MiB, 77 %, 1950 MHz, 1950 MHz, 317.92 W, 68, P2, 0x0000000000000004
2026/08/26 20:40:43.126, 0, 22270 MiB, 72 %, 1935 MHz, 1935 MHz, 288.76 W, 68, P2, 0x0000000000000004
2026/08/26 20:40:44.126, 0, 22270 MiB, 76 %, 1950 MHz, 1950 MHz, 318.35 W, 69, P2, 0x0000000000000000
2026/08/26 20:40:45.126, 0, 22286 MiB, 79 %, 1950 MHz, 1950 MHz, 284.52 W, 68, P2, 0x0000000000000000
2026/08/26 20:40:46.126, 0, 22286 MiB, 78 %, 1935 MHz, 1935 MHz, 321.40 W, 68, P2, 0x0000000000000004
2026/08/26 20:40:47.127, 0, 22286 MiB, 75 %, 1935 MHz, 1935 MHz, 320.49 W, 69, P2, 0x0000000000000000
2026/08/26 20:40:48.127, 0, 22286 MiB, 41 %, 1935 MHz, 1935 MHz, 280.67 W, 69, P2, 0x0000000000000000
2026/08/26 20:40:49.127, 0, 22286 MiB, 76 %, 1920 MHz, 1920 MHz, 328.66 W, 69, P2, 0x0000000000000004
2026/08/26 20:40:50.128, 0, 22292 MiB, 59 %, 1920 MHz, 1920 MHz, 256.16 W, 64, P2, 0x0000000000000004
2026/08/26 20:40:51.128, 0, 22292 MiB, 75 %, 1935 MHz, 1935 MHz, 257.53 W, 68, P2, 0x0000000000000004
2026/08/26 20:40:52.128, 0, 22292 MiB, 76 %, 1950 MHz, 1950 MHz, 318.20 W, 69, P2, 0x0000000000000000
2026/08/26 20:40:53.128, 0, 22292 MiB, 44 %, 1935 MHz, 1935 MHz, 300.54 W, 69, P2, 0x0000000000000000
2026/08/26 20:40:54.129, 0, 22292 MiB, 78 %, 1920 MHz, 1920 MHz, 327.73 W, 69, P2, 0x0000000000000000
2026/08/26 20:40:55.129, 0, 22292 MiB, 79 %, 1935 MHz, 1935 MHz, 294.15 W, 66, P2, 0x0000000000000000
2026/08/26 20:40:56.129, 0, 22292 MiB, 77 %, 1935 MHz, 1935 MHz, 315.27 W, 70, P2, 0x0000000000000000
2026/08/26 20:40:57.132, 0, 22292 MiB, 75 %, 1935 MHz, 1935 MHz, 309.60 W, 67, P2, 0x0000000000000004
2026/08/26 20:40:58.132, 0, 22292 MiB, 72 %, 1920 MHz, 1920 MHz, 301.56 W, 70, P2, 0x0000000000000004
2026/08/26 20:40:59.132, 0, 22292 MiB, 78 %, 1920 MHz, 1920 MHz, 322.03 W, 70, P2, 0x0000000000000004
2026/08/26 20:41:00.132, 0, 22292 MiB, 63 %, 1935 MHz, 1935 MHz, 287.99 W, 70, P2, 0x0000000000000000
2026/08/26 20:41:01.132, 0, 22292 MiB, 77 %, 1920 MHz, 1920 MHz, 331.50 W, 71, P2, 0x0000000000000004
2026/08/26 20:41:02.133, 0, 22292 MiB, 79 %, 1935 MHz, 1935 MHz, 303.02 W, 67, P2, 0x0000000000000000
2026/08/26 20:41:03.133, 0, 22292 MiB, 77 %, 1920 MHz, 1920 MHz, 311.69 W, 71, P2, 0x0000000000000004
2026/08/26 20:41:04.133, 0, 22292 MiB, 79 %, 1920 MHz, 1920 MHz, 323.92 W, 71, P2, 0x0000000000000000
2026/08/26 20:41:05.133, 0, 346 MiB, 4 %, 1935 MHz, 1935 MHz, 209.34 W, 65, P0, 0x0000000000000000
2026/08/26 20:41:06.293, 0, 346 MiB, 0 %, 1935 MHz, 1935 MHz, 174.22 W, 64, P2, 0x0000000000000024
2026/08/26 20:41:07.293, 0, 346 MiB, 7 %, 1950 MHz, 1950 MHz, 170.64 W, 64, P2, 0x0000000000000000
2026/08/26 20:41:08.293, 0, 20144 MiB, 7 %, 1695 MHz, 1695 MHz, 149.28 W, 61, P2, 0x0000000000000000
2026/08/26 20:41:09.293, 0, 20144 MiB, 100 %, 1950 MHz, 1950 MHz, 144.67 W, 62, P2, 0x0000000000000000
2026/08/26 20:41:10.294, 0, 20144 MiB, 100 %, 1950 MHz, 1950 MHz, 171.40 W, 62, P2, 0x0000000000000000
2026/08/26 20:41:11.294, 0, 20144 MiB, 100 %, 1950 MHz, 1950 MHz, 171.08 W, 62, P2, 0x0000000000000000
2026/08/26 20:41:12.294, 0, 20144 MiB, 100 %, 1950 MHz, 1950 MHz, 171.01 W, 62, P2, 0x0000000000000000
2026/08/26 20:41:13.294, 0, 20144 MiB, 99 %, 1950 MHz, 1950 MHz, 170.50 W, 62, P2, 0x0000000000000000
2026/08/26 20:41:14.294, 0, 20144 MiB, 100 %, 1950 MHz, 1950 MHz, 170.46 W, 62, P2, 0x0000000000000000
2026/08/26 20:41:15.294, 0, 20144 MiB, 100 %, 1950 MHz, 1950 MHz, 170.20 W, 61, P2, 0x0000000000000000
2026/08/26 20:41:16.294, 0, 20144 MiB, 100 %, 1950 MHz, 1950 MHz, 169.76 W, 61, P2, 0x0000000000000000
2026/08/26 20:41:17.295, 0, 20144 MiB, 99 %, 1950 MHz, 1950 MHz, 170.09 W, 61, P2, 0x0000000000000000
2026/08/26 20:41:18.295, 0, 20144 MiB, 100 %, 1950 MHz, 1950 MHz, 169.81 W, 61, P2, 0x0000000000000000
2026/08/26 20:41:19.295, 0, 20144 MiB, 100 %, 1950 MHz, 1950 MHz, 169.64 W, 61, P2, 0x0000000000000000
2026/08/26 20:41:20.295, 0, 20800 MiB, 100 %, 1950 MHz, 1950 MHz, 169.04 W, 61, P2, 0x0000000000000000
2026/08/26 20:41:21.295, 0, 20816 MiB, 0 %, 1950 MHz, 1950 MHz, 184.58 W, 63, P2, 0x0000000000000000
2026/08/26 20:41:22.295, 0, 20816 MiB, 77 %, 1950 MHz, 1950 MHz, 319.26 W, 67, P2, 0x0000000000000000
2026/08/26 20:41:23.295, 0, 20816 MiB, 79 %, 1950 MHz, 1950 MHz, 333.04 W, 68, P2, 0x0000000000000000
2026/08/26 20:41:24.296, 0, 20816 MiB, 79 %, 1950 MHz, 1950 MHz, 295.74 W, 67, P2, 0x0000000000000000
2026/08/26 20:41:25.296, 0, 20816 MiB, 78 %, 1950 MHz, 1950 MHz, 330.53 W, 68, P2, 0x0000000000000000
2026/08/26 20:41:26.296, 0, 20816 MiB, 77 %, 1950 MHz, 1950 MHz, 330.08 W, 68, P2, 0x0000000000000000
2026/08/26 20:41:27.296, 0, 20816 MiB, 30 %, 1950 MHz, 1950 MHz, 294.15 W, 68, P2, 0x0000000000000000
2026/08/26 20:41:28.296, 0, 20816 MiB, 78 %, 1950 MHz, 1950 MHz, 334.73 W, 69, P2, 0x0000000000000000
2026/08/26 20:41:29.296, 0, 20816 MiB, 77 %, 1935 MHz, 1935 MHz, 333.99 W, 69, P2, 0x0000000000000000
2026/08/26 20:41:30.296, 0, 20816 MiB, 65 %, 1935 MHz, 1935 MHz, 283.28 W, 69, P2, 0x0000000000000000
2026/08/26 20:41:31.296, 0, 20816 MiB, 77 %, 1935 MHz, 1935 MHz, 332.30 W, 69, P2, 0x0000000000000000
2026/08/26 20:41:32.297, 0, 20816 MiB, 75 %, 1935 MHz, 1935 MHz, 333.22 W, 70, P2, 0x0000000000000000
2026/08/26 20:41:33.297, 0, 20816 MiB, 68 %, 1935 MHz, 1935 MHz, 283.23 W, 69, P2, 0x0000000000000000
2026/08/26 20:41:34.297, 0, 20816 MiB, 79 %, 1935 MHz, 1935 MHz, 336.17 W, 70, P2, 0x0000000000000000
2026/08/26 20:41:35.297, 0, 20824 MiB, 80 %, 1935 MHz, 1935 MHz, 336.45 W, 70, P2, 0x0000000000000000
2026/08/26 20:41:36.297, 0, 20824 MiB, 100 %, 1935 MHz, 1935 MHz, 257.52 W, 70, P2, 0x0000000000000000
2026/08/26 20:41:37.297, 0, 20824 MiB, 74 %, 1935 MHz, 1935 MHz, 333.00 W, 70, P2, 0x0000000000000000
2026/08/26 20:41:38.298, 0, 20824 MiB, 78 %, 1935 MHz, 1935 MHz, 335.94 W, 71, P2, 0x0000000000000000
2026/08/26 20:41:39.298, 0, 20824 MiB, 74 %, 1935 MHz, 1935 MHz, 306.28 W, 71, P2, 0x0000000000000000
2026/08/26 20:41:40.298, 0, 20824 MiB, 78 %, 1935 MHz, 1935 MHz, 337.11 W, 71, P2, 0x0000000000000000
2026/08/26 20:41:41.298, 0, 20824 MiB, 77 %, 1935 MHz, 1935 MHz, 329.58 W, 68, P2, 0x0000000000000000
2026/08/26 20:41:42.298, 0, 20824 MiB, 77 %, 1935 MHz, 1935 MHz, 295.25 W, 71, P2, 0x0000000000000000
2026/08/26 20:41:43.298, 0, 20824 MiB, 77 %, 1935 MHz, 1935 MHz, 334.91 W, 71, P2, 0x0000000000000000
2026/08/26 20:41:44.298, 0, 20824 MiB, 79 %, 1935 MHz, 1935 MHz, 318.80 W, 69, P2, 0x0000000000000000
2026/08/26 20:41:45.299, 0, 20824 MiB, 75 %, 1935 MHz, 1935 MHz, 308.94 W, 72, P2, 0x0000000000000000
2026/08/26 20:41:46.299, 0, 20824 MiB, 78 %, 1935 MHz, 1935 MHz, 337.80 W, 72, P2, 0x0000000000000000
2026/08/26 20:41:47.299, 0, 20824 MiB, 80 %, 1920 MHz, 1920 MHz, 301.66 W, 70, P2, 0x0000000000000004
2026/08/26 20:41:48.299, 0, 20824 MiB, 79 %, 1935 MHz, 1935 MHz, 324.71 W, 72, P2, 0x0000000000000000
2026/08/26 20:41:49.299, 0, 20824 MiB, 78 %, 1935 MHz, 1935 MHz, 337.85 W, 72, P2, 0x0000000000000000
2026/08/26 20:41:50.299, 0, 20824 MiB, 77 %, 1920 MHz, 1920 MHz, 296.20 W, 71, P2, 0x0000000000000004
2026/08/26 20:41:51.299, 0, 20824 MiB, 76 %, 1935 MHz, 1935 MHz, 333.89 W, 73, P2, 0x0000000000000000
2026/08/26 20:41:52.299, 0, 20824 MiB, 78 %, 1935 MHz, 1935 MHz, 337.43 W, 73, P2, 0x0000000000000000
2026/08/26 20:41:53.300, 0, 85 MiB, 24 %, 1935 MHz, 1935 MHz, 259.05 W, 68, P0, 0x0000000000000000
2026/08/26 20:41:54.379, 0, 346 MiB, 0 %, 1935 MHz, 1935 MHz, 177.35 W, 66, P2, 0x0000000000000000
2026/08/26 20:41:55.380, 0, 346 MiB, 0 %, 1935 MHz, 1935 MHz, 173.22 W, 65, P2, 0x0000000000000000
2026/08/26 20:41:56.380, 0, 346 MiB, 0 %, 1695 MHz, 1695 MHz, 159.27 W, 63, P2, 0x0000000000000000
2026/08/26 20:41:57.380, 0, 19362 MiB, 0 %, 1950 MHz, 1950 MHz, 137.39 W, 63, P2, 0x0000000000000000
2026/08/26 20:41:58.380, 0, 19362 MiB, 100 %, 1950 MHz, 1950 MHz, 168.86 W, 63, P2, 0x0000000000000000
2026/08/26 20:41:59.380, 0, 19362 MiB, 100 %, 1950 MHz, 1950 MHz, 172.32 W, 63, P2, 0x0000000000000000
2026/08/26 20:42:00.380, 0, 19362 MiB, 99 %, 1950 MHz, 1950 MHz, 171.74 W, 63, P2, 0x0000000000000000
2026/08/26 20:42:01.380, 0, 19362 MiB, 100 %, 1950 MHz, 1950 MHz, 171.32 W, 63, P2, 0x0000000000000000
2026/08/26 20:42:02.381, 0, 19362 MiB, 100 %, 1950 MHz, 1950 MHz, 171.45 W, 62, P2, 0x0000000000000000
2026/08/26 20:42:03.381, 0, 19362 MiB, 100 %, 1950 MHz, 1950 MHz, 171.18 W, 62, P2, 0x0000000000000000
2026/08/26 20:42:04.381, 0, 19362 MiB, 100 %, 1950 MHz, 1950 MHz, 170.62 W, 62, P2, 0x0000000000000000
2026/08/26 20:42:05.381, 0, 19362 MiB, 99 %, 1950 MHz, 1950 MHz, 170.79 W, 62, P2, 0x0000000000000000
2026/08/26 20:42:06.381, 0, 19362 MiB, 100 %, 1950 MHz, 1950 MHz, 170.28 W, 62, P2, 0x0000000000000000
2026/08/26 20:42:07.381, 0, 19362 MiB, 100 %, 1950 MHz, 1950 MHz, 170.22 W, 61, P2, 0x0000000000000000
2026/08/26 20:42:08.381, 0, 19362 MiB, 100 %, 1950 MHz, 1950 MHz, 170.10 W, 61, P2, 0x0000000000000000
2026/08/26 20:42:09.381, 0, 20744 MiB, 0 %, 1950 MHz, 1950 MHz, 173.04 W, 62, P2, 0x0000000000000000
2026/08/26 20:42:10.382, 0, 20768 MiB, 76 %, 1950 MHz, 1950 MHz, 216.21 W, 63, P2, 0x0000000000000000
2026/08/26 20:42:11.382, 0, 20770 MiB, 81 %, 1950 MHz, 1950 MHz, 232.08 W, 63, P2, 0x0000000000000000
2026/08/26 20:42:12.382, 0, 20770 MiB, 80 %, 1950 MHz, 1950 MHz, 233.65 W, 64, P2, 0x0000000000000000
2026/08/26 20:42:13.382, 0, 20770 MiB, 80 %, 1950 MHz, 1950 MHz, 231.27 W, 63, P2, 0x0000000000000000
2026/08/26 20:42:14.382, 0, 20770 MiB, 83 %, 1950 MHz, 1950 MHz, 230.00 W, 63, P2, 0x0000000000000000
2026/08/26 20:42:15.382, 0, 20770 MiB, 83 %, 1950 MHz, 1950 MHz, 228.44 W, 64, P2, 0x0000000000000000
2026/08/26 20:42:16.382, 0, 20770 MiB, 83 %, 1950 MHz, 1950 MHz, 231.81 W, 64, P2, 0x0000000000000000
2026/08/26 20:42:17.383, 0, 20770 MiB, 79 %, 1950 MHz, 1950 MHz, 234.93 W, 64, P2, 0x0000000000000000
2026/08/26 20:42:18.383, 0, 20774 MiB, 80 %, 1950 MHz, 1950 MHz, 232.80 W, 64, P2, 0x0000000000000000
2026/08/26 20:42:19.383, 0, 20774 MiB, 81 %, 1950 MHz, 1950 MHz, 229.34 W, 63, P2, 0x0000000000000000
2026/08/26 20:42:20.383, 0, 20774 MiB, 84 %, 1950 MHz, 1950 MHz, 230.54 W, 63, P2, 0x0000000000000000
2026/08/26 20:42:21.383, 0, 20774 MiB, 83 %, 1950 MHz, 1950 MHz, 221.70 W, 63, P2, 0x0000000000000000
2026/08/26 20:42:22.384, 0, 20774 MiB, 84 %, 1950 MHz, 1950 MHz, 231.53 W, 64, P2, 0x0000000000000000
2026/08/26 20:42:23.384, 0, 20774 MiB, 84 %, 1950 MHz, 1950 MHz, 232.81 W, 63, P2, 0x0000000000000000
2026/08/26 20:42:24.384, 0, 20774 MiB, 84 %, 1950 MHz, 1950 MHz, 231.40 W, 64, P2, 0x0000000000000000
2026/08/26 20:42:25.384, 0, 20774 MiB, 80 %, 1950 MHz, 1950 MHz, 232.52 W, 63, P2, 0x0000000000000000
2026/08/26 20:42:26.385, 0, 20774 MiB, 84 %, 1950 MHz, 1950 MHz, 237.51 W, 63, P2, 0x0000000000000000
2026/08/26 20:42:27.385, 0, 20774 MiB, 85 %, 1950 MHz, 1950 MHz, 230.20 W, 63, P2, 0x0000000000000000
2026/08/26 20:42:28.385, 0, 20774 MiB, 83 %, 1950 MHz, 1950 MHz, 230.92 W, 63, P2, 0x0000000000000000
2026/08/26 20:42:29.385, 0, 20774 MiB, 85 %, 1950 MHz, 1950 MHz, 230.97 W, 64, P2, 0x0000000000000000
2026/08/26 20:42:30.385, 0, 20774 MiB, 84 %, 1950 MHz, 1950 MHz, 233.41 W, 64, P2, 0x0000000000000000
2026/08/26 20:42:31.386, 0, 20774 MiB, 81 %, 1950 MHz, 1950 MHz, 219.11 W, 63, P2, 0x0000000000000000
2026/08/26 20:42:32.386, 0, 20774 MiB, 81 %, 1950 MHz, 1950 MHz, 232.12 W, 63, P2, 0x0000000000000000
2026/08/26 20:42:33.386, 0, 20774 MiB, 83 %, 1950 MHz, 1950 MHz, 230.44 W, 63, P2, 0x0000000000000000
2026/08/26 20:42:34.386, 0, 20774 MiB, 81 %, 1950 MHz, 1950 MHz, 228.54 W, 63, P2, 0x0000000000000000
2026/08/26 20:42:35.386, 0, 20774 MiB, 82 %, 1950 MHz, 1950 MHz, 231.50 W, 63, P2, 0x0000000000000000
2026/08/26 20:42:36.387, 0, 20774 MiB, 81 %, 1950 MHz, 1950 MHz, 232.02 W, 63, P2, 0x0000000000000000
2026/08/26 20:42:37.387, 0, 20774 MiB, 81 %, 1950 MHz, 1950 MHz, 228.56 W, 63, P2, 0x0000000000000000
2026/08/26 20:42:38.387, 0, 20774 MiB, 84 %, 1950 MHz, 1950 MHz, 229.32 W, 63, P2, 0x0000000000000000
2026/08/26 20:42:39.387, 0, 20774 MiB, 82 %, 1950 MHz, 1950 MHz, 228.98 W, 62, P2, 0x0000000000000000
2026/08/26 20:42:40.388, 0, 20774 MiB, 85 %, 1950 MHz, 1950 MHz, 226.70 W, 63, P2, 0x0000000000000000
2026/08/26 20:42:41.388, 0, 20774 MiB, 83 %, 1950 MHz, 1950 MHz, 225.08 W, 63, P2, 0x0000000000000000
2026/08/26 20:42:42.388, 0, 20774 MiB, 85 %, 1950 MHz, 1950 MHz, 230.91 W, 63, P2, 0x0000000000000000
2026/08/26 20:42:43.388, 0, 20774 MiB, 56 %, 1950 MHz, 1950 MHz, 221.29 W, 64, P2, 0x0000000000000000
2026/08/26 20:42:44.388, 0, 20774 MiB, 76 %, 1950 MHz, 1950 MHz, 232.15 W, 63, P2, 0x0000000000000000
2026/08/26 20:42:45.388, 0, 20774 MiB, 83 %, 1950 MHz, 1950 MHz, 232.54 W, 64, P2, 0x0000000000000000
2026/08/26 20:42:46.388, 0, 20774 MiB, 85 %, 1950 MHz, 1950 MHz, 230.89 W, 63, P2, 0x0000000000000000
2026/08/26 20:42:47.389, 0, 20774 MiB, 82 %, 1950 MHz, 1950 MHz, 229.92 W, 63, P2, 0x0000000000000000
2026/08/26 20:42:48.389, 0, 20774 MiB, 83 %, 1950 MHz, 1950 MHz, 231.89 W, 63, P2, 0x0000000000000000
2026/08/26 20:42:49.389, 0, 20774 MiB, 83 %, 1950 MHz, 1950 MHz, 229.49 W, 63, P2, 0x0000000000000000
2026/08/26 20:42:50.389, 0, 20774 MiB, 82 %, 1950 MHz, 1950 MHz, 228.73 W, 63, P2, 0x0000000000000000
2026/08/26 20:42:51.390, 0, 20774 MiB, 83 %, 1950 MHz, 1950 MHz, 231.68 W, 63, P2, 0x0000000000000000
2026/08/26 20:42:52.390, 0, 20774 MiB, 77 %, 1950 MHz, 1950 MHz, 231.14 W, 63, P2, 0x0000000000000000
2026/08/26 20:42:53.390, 0, 20774 MiB, 83 %, 1950 MHz, 1950 MHz, 219.80 W, 61, P2, 0x0000000000000000
2026/08/26 20:42:54.390, 0, 20774 MiB, 83 %, 1950 MHz, 1950 MHz, 217.16 W, 62, P2, 0x0000000000000000
2026/08/26 20:42:55.390, 0, 20774 MiB, 80 %, 1950 MHz, 1950 MHz, 229.32 W, 63, P2, 0x0000000000000000
2026/08/26 20:42:56.391, 0, 20774 MiB, 84 %, 1950 MHz, 1950 MHz, 231.65 W, 63, P2, 0x0000000000000000
2026/08/26 20:42:57.391, 0, 20774 MiB, 81 %, 1950 MHz, 1950 MHz, 227.04 W, 63, P2, 0x0000000000000000
2026/08/26 20:42:58.391, 0, 20774 MiB, 86 %, 1950 MHz, 1950 MHz, 230.84 W, 63, P2, 0x0000000000000000
2026/08/26 20:42:59.391, 0, 20774 MiB, 81 %, 1950 MHz, 1950 MHz, 229.92 W, 63, P2, 0x0000000000000000
2026/08/26 20:43:00.391, 0, 20774 MiB, 79 %, 1950 MHz, 1950 MHz, 228.15 W, 63, P2, 0x0000000000000000
2026/08/26 20:43:01.391, 0, 20774 MiB, 83 %, 1950 MHz, 1950 MHz, 226.41 W, 63, P2, 0x0000000000000000
2026/08/26 20:43:02.392, 0, 20774 MiB, 82 %, 1950 MHz, 1950 MHz, 228.73 W, 63, P2, 0x0000000000000000
2026/08/26 20:43:03.392, 0, 20780 MiB, 12 %, 1935 MHz, 1935 MHz, 202.83 W, 61, P2, 0x0000000000000004
2026/08/26 20:43:04.392, 0, 20780 MiB, 79 %, 1950 MHz, 1950 MHz, 216.68 W, 63, P2, 0x0000000000000000
2026/08/26 20:43:05.392, 0, 20780 MiB, 84 %, 1950 MHz, 1950 MHz, 236.90 W, 63, P2, 0x0000000000000000
2026/08/26 20:43:06.392, 0, 20780 MiB, 85 %, 1950 MHz, 1950 MHz, 233.32 W, 62, P2, 0x0000000000000000
2026/08/26 20:43:07.392, 0, 20780 MiB, 85 %, 1950 MHz, 1950 MHz, 231.44 W, 63, P2, 0x0000000000000000
2026/08/26 20:43:08.392, 0, 20780 MiB, 84 %, 1950 MHz, 1950 MHz, 230.51 W, 63, P2, 0x0000000000000000
2026/08/26 20:43:09.393, 0, 20780 MiB, 78 %, 1950 MHz, 1950 MHz, 231.45 W, 62, P2, 0x0000000000000000
2026/08/26 20:43:10.393, 0, 20780 MiB, 81 %, 1950 MHz, 1950 MHz, 229.54 W, 63, P2, 0x0000000000000000
2026/08/26 20:43:11.393, 0, 20780 MiB, 56 %, 1950 MHz, 1950 MHz, 222.81 W, 63, P2, 0x0000000000000000
2026/08/26 20:43:12.393, 0, 20780 MiB, 83 %, 1950 MHz, 1950 MHz, 238.18 W, 62, P2, 0x0000000000000000
2026/08/26 20:43:13.393, 0, 20780 MiB, 78 %, 1950 MHz, 1950 MHz, 230.40 W, 63, P2, 0x0000000000000000
2026/08/26 20:43:14.393, 0, 20780 MiB, 82 %, 1950 MHz, 1950 MHz, 229.83 W, 62, P2, 0x0000000000000000
2026/08/26 20:43:15.393, 0, 20780 MiB, 84 %, 1950 MHz, 1950 MHz, 229.00 W, 63, P2, 0x0000000000000000
2026/08/26 20:43:16.394, 0, 20780 MiB, 82 %, 1950 MHz, 1950 MHz, 226.99 W, 63, P2, 0x0000000000000000
2026/08/26 20:43:17.394, 0, 20780 MiB, 83 %, 1950 MHz, 1950 MHz, 226.63 W, 63, P2, 0x0000000000000000
2026/08/26 20:43:18.394, 0, 20780 MiB, 83 %, 1950 MHz, 1950 MHz, 229.71 W, 63, P2, 0x0000000000000000
2026/08/26 20:43:19.394, 0, 20780 MiB, 85 %, 1950 MHz, 1950 MHz, 232.19 W, 62, P2, 0x0000000000000000
2026/08/26 20:43:20.394, 0, 20780 MiB, 80 %, 1950 MHz, 1950 MHz, 231.22 W, 62, P2, 0x0000000000000000
2026/08/26 20:43:21.395, 0, 20780 MiB, 84 %, 1950 MHz, 1950 MHz, 221.91 W, 63, P2, 0x0000000000000000
2026/08/26 20:43:22.395, 0, 20780 MiB, 84 %, 1950 MHz, 1950 MHz, 229.00 W, 63, P2, 0x0000000000000000
2026/08/26 20:43:23.395, 0, 20780 MiB, 85 %, 1950 MHz, 1950 MHz, 230.52 W, 63, P2, 0x0000000000000000
2026/08/26 20:43:24.395, 0, 20780 MiB, 85 %, 1950 MHz, 1950 MHz, 232.44 W, 63, P2, 0x0000000000000000
2026/08/26 20:43:25.396, 0, 20780 MiB, 83 %, 1950 MHz, 1950 MHz, 228.52 W, 63, P2, 0x0000000000000000
2026/08/26 20:43:26.396, 0, 20780 MiB, 84 %, 1950 MHz, 1950 MHz, 229.73 W, 62, P2, 0x0000000000000000
2026/08/26 20:43:27.396, 0, 20780 MiB, 82 %, 1950 MHz, 1950 MHz, 231.25 W, 63, P2, 0x0000000000000000
2026/08/26 20:43:28.396, 0, 20780 MiB, 85 %, 1950 MHz, 1950 MHz, 233.50 W, 63, P2, 0x0000000000000000
2026/08/26 20:43:29.396, 0, 20780 MiB, 72 %, 1950 MHz, 1950 MHz, 218.54 W, 63, P2, 0x0000000000000000
2026/08/26 20:43:30.396, 0, 20780 MiB, 84 %, 1950 MHz, 1950 MHz, 229.77 W, 63, P2, 0x0000000000000000
2026/08/26 20:43:31.396, 0, 20780 MiB, 82 %, 1950 MHz, 1950 MHz, 230.75 W, 63, P2, 0x0000000000000000
2026/08/26 20:43:32.397, 0, 20780 MiB, 83 %, 1950 MHz, 1950 MHz, 229.64 W, 62, P2, 0x0000000000000000
2026/08/26 20:43:33.397, 0, 20780 MiB, 84 %, 1950 MHz, 1950 MHz, 225.59 W, 62, P2, 0x0000000000000000
2026/08/26 20:43:34.397, 0, 20780 MiB, 81 %, 1950 MHz, 1950 MHz, 229.16 W, 63, P2, 0x0000000000000000
2026/08/26 20:43:35.397, 0, 20780 MiB, 82 %, 1950 MHz, 1950 MHz, 228.25 W, 63, P2, 0x0000000000000000
2026/08/26 20:43:36.397, 0, 20780 MiB, 82 %, 1950 MHz, 1950 MHz, 226.84 W, 63, P2, 0x0000000000000000
2026/08/26 20:43:37.397, 0, 20780 MiB, 84 %, 1950 MHz, 1950 MHz, 227.70 W, 63, P2, 0x0000000000000000
2026/08/26 20:43:38.397, 0, 20780 MiB, 82 %, 1950 MHz, 1950 MHz, 226.75 W, 63, P2, 0x0000000000000000
2026/08/26 20:43:39.398, 0, 20780 MiB, 80 %, 1950 MHz, 1950 MHz, 229.53 W, 63, P2, 0x0000000000000000
2026/08/26 20:43:40.398, 0, 20780 MiB, 85 %, 1950 MHz, 1950 MHz, 221.76 W, 61, P2, 0x0000000000000000
2026/08/26 20:43:41.398, 0, 20780 MiB, 78 %, 1950 MHz, 1950 MHz, 222.97 W, 63, P2, 0x0000000000000000
2026/08/26 20:43:42.398, 0, 20780 MiB, 82 %, 1950 MHz, 1950 MHz, 232.11 W, 63, P2, 0x0000000000000000
2026/08/26 20:43:43.398, 0, 20780 MiB, 84 %, 1950 MHz, 1950 MHz, 232.08 W, 63, P2, 0x0000000000000000
2026/08/26 20:43:44.399, 0, 20780 MiB, 83 %, 1950 MHz, 1950 MHz, 227.52 W, 63, P2, 0x0000000000000000
2026/08/26 20:43:45.399, 0, 20780 MiB, 82 %, 1950 MHz, 1950 MHz, 229.80 W, 63, P2, 0x0000000000000000
2026/08/26 20:43:46.399, 0, 20780 MiB, 84 %, 1950 MHz, 1950 MHz, 228.41 W, 63, P2, 0x0000000000000000
2026/08/26 20:43:47.399, 0, 20780 MiB, 80 %, 1950 MHz, 1950 MHz, 232.38 W, 63, P2, 0x0000000000000000
2026/08/26 20:43:48.399, 0, 20780 MiB, 81 %, 1950 MHz, 1950 MHz, 232.71 W, 63, P2, 0x0000000000000000
2026/08/26 20:43:49.400, 0, 20780 MiB, 86 %, 1950 MHz, 1950 MHz, 228.97 W, 63, P2, 0x0000000000000000
2026/08/26 20:43:50.400, 0, 20780 MiB, 82 %, 1950 MHz, 1950 MHz, 229.16 W, 63, P2, 0x0000000000000000
2026/08/26 20:43:51.400, 0, 20780 MiB, 81 %, 1950 MHz, 1950 MHz, 229.46 W, 63, P2, 0x0000000000000000
2026/08/26 20:43:52.400, 0, 20780 MiB, 83 %, 1950 MHz, 1950 MHz, 224.38 W, 62, P2, 0x0000000000000000
2026/08/26 20:43:53.400, 0, 20780 MiB, 82 %, 1950 MHz, 1950 MHz, 220.17 W, 63, P2, 0x0000000000000000
2026/08/26 20:43:54.401, 0, 20780 MiB, 83 %, 1950 MHz, 1950 MHz, 232.08 W, 63, P2, 0x0000000000000000
2026/08/26 20:43:55.401, 0, 20780 MiB, 81 %, 1950 MHz, 1950 MHz, 233.27 W, 63, P2, 0x0000000000000000
2026/08/26 20:43:56.401, 0, 20780 MiB, 81 %, 1950 MHz, 1950 MHz, 232.71 W, 63, P2, 0x0000000000000000
2026/08/26 20:43:57.401, 0, 20780 MiB, 80 %, 1950 MHz, 1950 MHz, 228.67 W, 63, P2, 0x0000000000000000
2026/08/26 20:43:58.401, 0, 20780 MiB, 81 %, 1950 MHz, 1950 MHz, 229.14 W, 63, P2, 0x0000000000000000
2026/08/26 20:43:59.402, 0, 20780 MiB, 82 %, 1950 MHz, 1950 MHz, 229.19 W, 63, P2, 0x0000000000000000
2026/08/26 20:44:00.402, 0, 20780 MiB, 81 %, 1950 MHz, 1950 MHz, 229.49 W, 63, P2, 0x0000000000000000
2026/08/26 20:44:01.402, 0, 20780 MiB, 84 %, 1950 MHz, 1950 MHz, 234.62 W, 63, P2, 0x0000000000000000
