ts,util,mem_used,temp,pstate,clk_sm,clk_mem,pwr,throttle
2026/08/2601:47:50.693,0,82,51,P8,210,405,30.89,0x0000000000000001
2026/08/2601:47:55.721,0,82,49,P8,210,405,30.24,0x0000000000000001
2026/08/2601:48:00.753,0,85,47,P8,210,405,29.43,0x0000000000000001
2026/08/2601:48:05.796,100,21146,55,P2,1965,9501,157.08,0x0000000000000000
2026/08/2601:48:10.824,100,21146,55,P2,1965,9501,157.55,0x0000000000000000
2026/08/2601:48:15.851,85,21732,63,P2,1950,9501,333.26,0x0000000000000004
2026/08/2601:48:20.875,85,21732,65,P2,1950,9501,333.73,0x0000000000000000
2026/08/2601:48:25.899,87,21732,67,P2,1935,9501,332.87,0x0000000000000004
2026/08/2601:48:30.924,86,21740,68,P2,1935,9501,303.66,0x0000000000000004
2026/08/2601:48:35.948,86,21740,69,P2,1935,9501,307.48,0x0000000000000004
2026/08/2601:48:40.972,29,21740,67,P2,1920,9501,312.12,0x0000000000000004
2026/08/2601:48:45.995,100,21146,63,P2,1950,9501,170.85,0x0000000000000000
2026/08/2601:48:51.022,100,21146,62,P2,1950,9501,169.86,0x0000000000000000
2026/08/2601:48:56.053,100,21146,61,P2,1950,9501,169.08,0x0000000000000000
2026/08/2601:49:01.082,88,22570,63,P2,1950,9501,239.43,0x0000000000000000
2026/08/2601:49:06.105,91,22574,64,P2,1950,9501,230.90,0x0000000000000000
2026/08/2601:49:11.126,89,22578,64,P2,1935,9501,235.91,0x0000000000000004
2026/08/2601:49:16.154,89,22578,63,P2,1950,9501,238.54,0x0000000000000000
2026/08/2601:49:21.178,93,22578,63,P2,1950,9501,235.30,0x0000000000000000
2026/08/2601:49:26.202,90,22578,63,P2,1950,9501,238.42,0x0000000000000000
2026/08/2601:49:31.226,91,22578,63,P2,1935,9501,230.31,0x0000000000000004
2026/08/2601:49:36.250,90,22578,63,P2,1950,9501,235.35,0x0000000000000000
2026/08/2601:49:41.271,88,22578,63,P2,1950,9501,234.51,0x0000000000000000
2026/08/2601:49:46.292,91,22578,64,P2,1950,9501,235.80,0x0000000000000000
2026/08/2601:49:51.312,90,22584,64,P2,1950,9501,225.68,0x0000000000000000
2026/08/2601:49:56.334,87,22584,64,P2,1950,9501,233.65,0x0000000000000000
2026/08/2601:50:01.358,89,22584,63,P2,1935,9501,233.43,0x0000000000000000
2026/08/2601:50:06.380,90,22584,64,P2,1935,9501,230.95,0x0000000000000004
2026/08/2601:50:11.400,91,22584,64,P2,1950,9501,238.98,0x0000000000000004
2026/08/2601:50:16.423,87,22584,64,P2,1950,9501,235.32,0x0000000000000000
2026/08/2601:50:21.452,89,22584,64,P2,1950,9501,239.03,0x0000000000000000
2026/08/2601:50:26.473,93,22584,64,P2,1950,9501,228.30,0x0000000000000004
2026/08/2601:50:31.495,92,22584,64,P2,1935,9501,232.91,0x0000000000000000
2026/08/2601:50:36.518,90,22584,64,P2,1950,9501,231.33,0x0000000000000000
2026/08/2601:50:41.539,90,22584,64,P2,1950,9501,237.71,0x0000000000000000
2026/08/2601:50:46.561,93,22584,64,P2,1920,9501,230.74,0x0000000000000004
2026/08/2601:50:51.589,100,21146,61,P2,1950,9501,167.72,0x0000000000000000
2026/08/2601:50:56.620,100,21146,60,P2,1950,9501,166.35,0x0000000000000000
2026/08/2601:51:01.647,0,21702,59,P2,1950,9501,166.52,0x0000000000000000
2026/08/2601:51:06.670,91,22574,62,P2,1950,9501,232.39,0x0000000000000000
2026/08/2601:51:11.692,30,22578,61,P2,1950,9501,231.06,0x0000000000000000
2026/08/2601:51:16.714,88,22578,63,P2,1950,9501,236.68,0x0000000000000000
2026/08/2601:51:21.738,90,22578,63,P2,1950,9501,234.74,0x0000000000000004
2026/08/2601:51:26.762,89,22578,63,P2,1950,9501,234.71,0x0000000000000000
2026/08/2601:51:31.787,87,22578,64,P2,1950,9501,231.58,0x0000000000000000
2026/08/2601:51:36.810,90,22578,64,P2,1950,9501,236.83,0x0000000000000000
2026/08/2601:51:41.833,89,22578,64,P2,1950,9501,234.88,0x0000000000000000
2026/08/2601:51:46.854,91,22578,64,P2,1950,9501,238.71,0x0000000000000000
2026/08/2601:51:51.876,90,22578,64,P2,1950,9501,240.57,0x0000000000000000
2026/08/2601:51:56.897,88,22584,64,P2,1950,9501,228.46,0x0000000000000000
2026/08/2601:52:01.918,94,22584,63,P2,1935,9501,226.22,0x0000000000000004
2026/08/2601:52:06.945,87,22584,64,P2,1950,9501,236.47,0x0000000000000000
2026/08/2601:52:11.965,88,22584,65,P2,1950,9501,227.69,0x0000000000000000
2026/08/2601:52:16.987,88,22584,64,P2,1950,9501,242.59,0x0000000000000000
2026/08/2601:52:22.012,88,22584,65,P2,1950,9501,240.29,0x0000000000000000
2026/08/2601:52:27.035,92,22584,65,P2,1950,9501,234.47,0x0000000000000004
2026/08/2601:52:32.059,88,22584,64,P2,1935,9501,232.51,0x0000000000000000
2026/08/2601:52:37.080,89,22584,65,P2,1950,9501,235.98,0x0000000000000000
2026/08/2601:52:42.100,90,22584,65,P2,1950,9501,242.21,0x0000000000000000
2026/08/2601:52:47.123,87,22584,65,P2,1950,9501,232.74,0x0000000000000000
2026/08/2601:52:52.147,99,21146,62,P2,1950,9501,168.67,0x0000000000000000
2026/08/2601:52:57.175,100,21146,61,P2,1950,9501,167.39,0x0000000000000000
2026/08/2601:53:02.206,100,21146,60,P2,1950,9501,166.64,0x0000000000000000
2026/08/2601:53:07.233,85,21732,67,P2,1935,9501,302.95,0x0000000000000004
2026/08/2601:53:12.255,77,21732,64,P2,1935,9501,303.43,0x0000000000000004
2026/08/2601:53:17.278,87,21732,70,P2,1920,9501,337.22,0x0000000000000004
2026/08/2601:53:22.302,84,21740,71,P2,1920,9501,337.99,0x0000000000000004
2026/08/2601:53:27.324,84,21740,72,P2,1920,9501,338.88,0x0000000000000004
2026/08/2601:53:32.347,86,21740,73,P2,1920,9501,325.21,0x0000000000000004
2026/08/2601:53:37.370,100,21146,65,P2,1935,9501,173.54,0x0000000000000000
2026/08/2601:53:42.395,99,21146,63,P2,1950,9501,172.35,0x0000000000000000
2026/08/2601:53:47.422,100,21146,62,P2,1950,9501,170.96,0x0000000000000000
2026/08/2601:53:52.451,86,21732,69,P2,1935,9501,304.11,0x0000000000000004
2026/08/2601:53:57.473,86,21732,70,P2,1920,9501,294.79,0x0000000000000004
2026/08/2601:54:02.494,57,21732,69,P2,1920,9501,333.20,0x0000000000000004
2026/08/2601:54:07.515,86,21740,72,P2,1920,9501,335.60,0x0000000000000004
2026/08/2601:54:12.538,85,21740,72,P2,1920,9501,340.66,0x0000000000000004
2026/08/2601:54:17.563,87,21740,73,P2,1920,9501,338.15,0x0000000000000004
2026/08/2601:54:22.587,99,21146,65,P2,1935,9501,174.12,0x0000000000000000
2026/08/2601:54:27.614,100,21146,63,P2,1950,9501,172.56,0x0000000000000000
2026/08/2601:54:32.645,99,21146,62,P2,1950,9501,171.18,0x0000000000000000
2026/08/2601:54:37.674,90,22574,64,P2,1950,9501,242.46,0x0000000000000000
2026/08/2601:54:42.696,88,22578,64,P2,1950,9501,230.50,0x0000000000000000
2026/08/2601:54:47.718,90,22578,65,P2,1950,9501,238.66,0x0000000000000000
2026/08/2601:54:52.738,90,22578,64,P2,1950,9501,239.56,0x0000000000000000
2026/08/2601:54:57.761,93,22578,64,P2,1920,9501,241.33,0x0000000000000004
2026/08/2601:55:02.784,91,22578,63,P2,1950,9501,233.38,0x0000000000000000
2026/08/2601:55:07.807,89,22578,64,P2,1950,9501,235.25,0x0000000000000000
2026/08/2601:55:12.829,89,22578,64,P2,1950,9501,239.94,0x0000000000000000
2026/08/2601:55:17.849,90,22578,63,P2,1950,9501,219.63,0x0000000000000000
2026/08/2601:55:22.872,91,22578,64,P2,1950,9501,233.35,0x0000000000000000
2026/08/2601:55:27.895,91,22584,63,P2,1920,9501,228.85,0x0000000000000004
2026/08/2601:55:32.917,88,22584,64,P2,1950,9501,234.46,0x0000000000000000
2026/08/2601:55:37.937,89,22584,63,P2,1950,9501,239.64,0x0000000000000000
2026/08/2601:55:42.962,90,22584,63,P2,1950,9501,229.32,0x0000000000000000
2026/08/2601:55:47.982,89,22584,63,P2,1950,9501,230.93,0x0000000000000000
2026/08/2601:55:53.005,88,22584,63,P2,1950,9501,233.46,0x0000000000000000
2026/08/2601:55:58.025,89,22584,63,P2,1950,9501,238.69,0x0000000000000000
2026/08/2601:56:03.045,89,22584,63,P2,1950,9501,217.30,0x0000000000000000
2026/08/2601:56:08.067,91,22584,63,P2,1935,9501,234.61,0x0000000000000004
2026/08/2601:56:13.089,69,22584,63,P2,1950,9501,223.19,0x0000000000000000
2026/08/2601:56:18.111,90,22584,63,P2,1950,9501,227.13,0x0000000000000000
2026/08/2601:56:23.133,0,82,61,P0,1950,9751,186.56,0x0000000000000000
2026/08/2601:56:28.156,0,82,54,P8,210,810,49.54,0x0000000000000001
2026/08/2601:56:33.300,0,346,55,P2,1935,9751,60.35,0x0000000000000000
2026/08/2601:56:38.322,100,21146,57,P2,1965,9501,162.01,0x0000000000000000
2026/08/2601:56:43.349,100,21146,57,P2,1965,9501,161.99,0x0000000000000000
2026/08/2601:56:48.376,76,21726,64,P2,1950,9501,275.00,0x0000000000000004
2026/08/2601:56:53.399,23,21726,62,P2,1950,9501,306.07,0x0000000000000004
2026/08/2601:56:58.422,80,21728,67,P2,1935,9501,335.61,0x0000000000000004
2026/08/2601:57:03.448,79,21728,68,P2,1920,9501,330.48,0x0000000000000004
2026/08/2601:57:08.471,83,21728,68,P2,1935,9501,315.08,0x0000000000000000
2026/08/2601:57:13.745,0,346,64,P2,1935,9501,199.07,0x0000000000000000
2026/08/2601:57:18.768,100,21146,62,P2,1950,9501,169.20,0x0000000000000000
2026/08/2601:57:23.798,99,21146,61,P2,1950,9501,168.01,0x0000000000000000
2026/08/2601:57:28.826,30,22536,61,P2,1950,9501,169.52,0x0000000000000000
2026/08/2601:57:33.847,92,22554,61,P2,1950,9501,220.20,0x0000000000000004
2026/08/2601:57:38.869,90,22554,63,P2,1950,9501,218.93,0x0000000000000004
2026/08/2601:57:43.893,91,22554,61,P2,1950,9501,213.12,0x0000000000000004
2026/08/2601:57:48.916,92,22554,61,P2,1950,9501,212.12,0x0000000000000004
2026/08/2601:57:53.940,92,22554,61,P2,1950,9501,204.01,0x0000000000000004
2026/08/2601:57:58.964,84,22554,62,P2,1920,9501,206.29,0x0000000000000004
2026/08/2601:58:03.986,94,22554,63,P2,1950,9501,207.50,0x0000000000000004
2026/08/2601:58:09.008,88,22554,61,P2,1950,9501,218.13,0x0000000000000004
2026/08/2601:58:14.032,85,22560,62,P2,1950,9501,193.41,0x0000000000000004
2026/08/2601:58:19.052,93,22562,61,P2,1950,9501,221.31,0x0000000000000004
2026/08/2601:58:24.076,91,22562,62,P2,1935,9501,215.72,0x0000000000000004
2026/08/2601:58:29.098,92,22562,61,P2,1950,9501,219.58,0x0000000000000004
2026/08/2601:58:34.118,98,22562,63,P2,1890,9501,231.52,0x0000000000000004
2026/08/2601:58:39.146,92,22562,63,P2,1890,9501,212.58,0x0000000000000004
2026/08/2601:58:44.167,96,22562,63,P2,1950,9501,231.23,0x0000000000000004
2026/08/2601:58:49.193,92,22562,63,P2,1950,9501,207.44,0x0000000000000004
2026/08/2601:58:54.217,90,22564,62,P2,1905,9501,218.78,0x0000000000000004
2026/08/2601:58:59.239,91,22564,62,P2,1950,9501,222.42,0x0000000000000004
2026/08/2601:59:04.261,95,22564,63,P2,1950,9501,211.35,0x0000000000000004
2026/08/2601:59:09.284,97,22564,62,P2,1905,9501,223.99,0x0000000000000004
2026/08/2601:59:14.305,93,22564,64,P2,1950,9501,223.51,0x0000000000000004
2026/08/2601:59:19.329,90,22564,62,P2,1920,9501,219.15,0x0000000000000004
2026/08/2601:59:24.351,91,22564,62,P2,1950,9501,222.61,0x0000000000000004
2026/08/2601:59:29.377,97,22564,64,P2,1890,9501,230.89,0x0000000000000004
2026/08/2601:59:34.403,97,22564,63,P2,1890,9501,226.18,0x0000000000000004
2026/08/2601:59:39.426,87,22564,62,P2,1950,9501,207.43,0x0000000000000004
2026/08/2601:59:44.447,95,22564,62,P2,1950,9501,222.00,0x0000000000000004
2026/08/2601:59:49.469,94,22564,64,P2,1950,9501,217.55,0x0000000000000004
2026/08/2601:59:54.493,92,22564,62,P2,1875,9501,217.38,0x0000000000000004
2026/08/2601:59:59.513,89,22564,63,P2,1950,9501,221.49,0x0000000000000004
2026/08/2602:00:04.535,93,22564,63,P2,1950,9501,223.67,0x0000000000000004
2026/08/2602:00:09.562,99,21146,60,P2,1950,9501,166.45,0x0000000000000000
2026/08/2602:00:14.590,100,21146,60,P2,1950,9501,165.34,0x0000000000000000
2026/08/2602:00:19.620,100,21146,60,P2,1950,9501,164.32,0x0000000000000000
2026/08/2602:00:24.649,91,22554,61,P2,1950,9501,205.65,0x0000000000000004
2026/08/2602:00:29.670,94,22554,63,P2,1950,9501,217.78,0x0000000000000004
2026/08/2602:00:34.696,94,22554,63,P2,1950,9501,220.34,0x0000000000000004
2026/08/2602:00:39.719,91,22554,62,P2,1875,9501,216.39,0x0000000000000004
2026/08/2602:00:44.742,87,22554,62,P2,1950,9501,212.79,0x0000000000000004
2026/08/2602:00:49.765,91,22554,62,P2,1950,9501,214.91,0x0000000000000004
2026/08/2602:00:54.788,89,22554,62,P2,1950,9501,209.40,0x0000000000000004
2026/08/2602:00:59.811,91,22554,61,P2,1890,9501,219.60,0x0000000000000004
2026/08/2602:01:04.834,86,22560,62,P2,1890,9501,220.20,0x0000000000000004
2026/08/2602:01:09.858,97,22562,63,P2,1890,9501,211.80,0x0000000000000004
2026/08/2602:01:14.879,90,22562,62,P2,1950,9501,208.02,0x0000000000000004
2026/08/2602:01:19.903,91,22562,63,P2,1950,9501,207.39,0x0000000000000004
2026/08/2602:01:24.927,94,22562,62,P2,1935,9501,222.56,0x0000000000000004
2026/08/2602:01:29.955,88,22562,62,P2,1950,9501,223.03,0x0000000000000004
2026/08/2602:01:34.980,97,22562,63,P2,1875,9501,217.51,0x0000000000000004
2026/08/2602:01:40.004,92,22562,62,P2,1950,9501,216.95,0x0000000000000004
2026/08/2602:01:45.026,88,22564,63,P2,1875,9501,222.89,0x0000000000000004
2026/08/2602:01:50.051,88,22564,64,P2,1935,9501,224.20,0x0000000000000004
2026/08/2602:01:55.073,83,22564,64,P2,1875,9501,220.87,0x0000000000000004
2026/08/2602:02:00.093,87,22564,62,P2,1950,9501,217.59,0x0000000000000004
2026/08/2602:02:05.115,91,22564,63,P2,1950,9501,217.13,0x0000000000000004
2026/08/2602:02:10.140,94,22564,64,P2,1950,9501,215.22,0x0000000000000004
2026/08/2602:02:15.168,91,22564,65,P2,1950,9501,222.81,0x0000000000000004
2026/08/2602:02:20.194,89,22564,64,P2,1950,9501,216.13,0x0000000000000004
2026/08/2602:02:25.220,88,22564,62,P2,1950,9501,212.21,0x0000000000000004
2026/08/2602:02:30.244,96,22564,64,P2,1920,9501,223.00,0x0000000000000004
2026/08/2602:02:35.266,86,22564,64,P2,1950,9501,216.07,0x0000000000000004
2026/08/2602:02:40.290,95,22564,63,P2,1950,9501,217.34,0x0000000000000004
2026/08/2602:02:45.310,92,22564,64,P2,1950,9501,229.64,0x0000000000000000
2026/08/2602:02:50.331,89,22564,64,P2,1950,9501,230.68,0x0000000000000004
2026/08/2602:02:55.357,100,21146,62,P2,1950,9501,167.49,0x0000000000000000
2026/08/2602:03:00.388,100,21146,61,P2,1950,9501,166.23,0x0000000000000000
2026/08/2602:03:05.416,100,21146,60,P2,1950,9501,165.45,0x0000000000000000
2026/08/2602:03:10.448,80,21726,67,P2,1950,9501,334.37,0x0000000000000004
2026/08/2602:03:15.472,80,21728,64,P2,1950,9501,214.19,0x0000000000000024
2026/08/2602:03:20.494,78,21728,69,P2,1920,9501,330.38,0x0000000000000004
2026/08/2602:03:25.520,80,21728,70,P2,1920,9501,336.43,0x0000000000000004
2026/08/2602:03:30.543,85,21728,70,P2,1935,9501,323.90,0x0000000000000000
2026/08/2602:03:35.566,0,346,64,P2,1935,9501,170.51,0x0000000000000000
2026/08/2602:03:40.587,99,21146,63,P2,1950,9501,171.07,0x0000000000000000
2026/08/2602:03:45.619,100,21146,62,P2,1950,9501,169.51,0x0000000000000000
2026/08/2602:03:50.647,78,21726,69,P2,1920,9501,334.97,0x0000000000000004
2026/08/2602:03:55.670,79,21728,69,P2,1920,9501,323.70,0x0000000000000004
2026/08/2602:04:00.690,39,21728,65,P2,1935,9501,276.58,0x0000000000000000
2026/08/2602:04:05.711,78,21728,71,P2,1920,9501,337.50,0x0000000000000004
2026/08/2602:04:10.735,84,21728,71,P2,1935,9501,325.94,0x0000000000000000
2026/08/2602:04:15.758,100,21146,65,P2,1935,9501,169.92,0x0000000000000000
2026/08/2602:04:20.787,99,21146,63,P2,1950,9501,171.62,0x0000000000000000
2026/08/2602:04:25.814,100,21146,62,P2,1950,9501,170.07,0x0000000000000000
2026/08/2602:04:30.844,88,22554,63,P2,1950,9501,215.45,0x0000000000000000
2026/08/2602:04:35.871,85,22554,62,P2,1935,9501,214.85,0x0000000000000004
2026/08/2602:04:40.892,89,22554,62,P2,1950,9501,217.65,0x0000000000000004
2026/08/2602:04:45.916,88,22554,63,P2,1935,9501,211.20,0x0000000000000004
2026/08/2602:04:50.939,92,22554,61,P2,1920,9501,214.89,0x0000000000000004
2026/08/2602:04:55.965,91,22554,62,P2,1890,9501,215.19,0x0000000000000004
2026/08/2602:05:00.988,85,22554,62,P2,1950,9501,216.93,0x0000000000000004
2026/08/2602:05:06.010,86,22560,62,P2,1950,9501,211.34,0x0000000000000004
2026/08/2602:05:11.030,87,22560,62,P2,1950,9501,223.47,0x0000000000000000
2026/08/2602:05:16.052,96,22564,62,P2,1950,9501,213.43,0x0000000000000004
2026/08/2602:05:21.074,93,22564,63,P2,1950,9501,214.05,0x0000000000000004
2026/08/2602:05:26.102,90,22564,61,P2,1950,9501,225.00,0x0000000000000004
2026/08/2602:05:31.128,94,22564,63,P2,1950,9501,228.85,0x0000000000000004
2026/08/2602:05:36.155,87,22564,61,P2,1950,9501,217.45,0x0000000000000004
2026/08/2602:05:41.177,97,22564,63,P2,1875,9501,226.30,0x0000000000000004
2026/08/2602:05:46.202,87,22564,62,P2,1935,9501,225.49,0x0000000000000004
2026/08/2602:05:51.225,90,22566,62,P2,1905,9501,217.84,0x0000000000000004
2026/08/2602:05:56.253,91,22566,61,P2,1890,9501,219.07,0x0000000000000004
2026/08/2602:06:01.275,93,22566,60,P2,1950,9501,204.46,0x0000000000000000
2026/08/2602:06:06.302,89,22566,63,P2,1935,9501,213.27,0x0000000000000004
2026/08/2602:06:11.326,92,22566,62,P2,1875,9501,216.71,0x0000000000000004
2026/08/2602:06:16.348,86,22566,61,P2,1950,9501,214.19,0x0000000000000004
2026/08/2602:06:21.370,97,22566,63,P2,1935,9501,227.09,0x0000000000000004
2026/08/2602:06:26.394,96,22566,63,P2,1950,9501,228.60,0x0000000000000004
2026/08/2602:06:31.420,86,22566,62,P2,1905,9501,213.51,0x0000000000000004
2026/08/2602:06:36.441,87,22566,61,P2,1950,9501,210.85,0x0000000000000004
2026/08/2602:06:41.462,91,22566,61,P2,1950,9501,213.23,0x0000000000000004
2026/08/2602:06:46.483,90,22566,62,P2,1950,9501,219.40,0x0000000000000004
2026/08/2602:06:51.505,94,22566,62,P2,1905,9501,220.73,0x0000000000000004
2026/08/2602:06:56.528,91,22566,62,P2,1935,9501,222.81,0x0000000000000004
2026/08/2602:07:01.553,89,22566,62,P2,1935,9501,223.90,0x0000000000000004
2026/08/2602:07:06.582,0,82,59,P3,1950,9751,159.49,0x0000000000000001
2026/08/2602:07:11.606,0,82,51,P8,210,405,31.88,0x0000000000000001
2026/08/2602:07:16.636,99,21146,56,P2,1965,9501,161.91,0x0000000000000000
2026/08/2602:07:21.666,99,21146,57,P2,1965,9501,161.90,0x0000000000000000
2026/08/2602:07:26.693,100,21146,57,P2,1965,9501,161.59,0x0000000000000000
2026/08/2602:07:31.724,69,21980,63,P2,1920,9501,315.40,0x0000000000000004
2026/08/2602:07:36.749,71,21980,66,P2,1920,9501,326.60,0x0000000000000004
2026/08/2602:07:41.772,75,21980,66,P2,1905,9501,323.27,0x0000000000000004
2026/08/2602:07:46.796,75,21980,67,P2,1875,9501,318.22,0x0000000000000004
2026/08/2602:07:51.819,83,21980,67,P2,1935,9501,315.51,0x0000000000000000
2026/08/2602:07:56.847,54,100,64,P0,1935,9751,241.79,0x0000000000000000
2026/08/2602:08:01.873,99,21146,61,P2,1935,9501,165.98,0x0000000000000000
2026/08/2602:08:06.902,100,21146,60,P2,1950,9501,162.17,0x0000000000000000
2026/08/2602:08:11.931,69,22898,61,P2,1950,9501,196.73,0x0000000000000000
2026/08/2602:08:16.953,91,22900,61,P2,1950,9501,206.29,0x0000000000000000
2026/08/2602:08:21.977,90,22900,61,P2,1950,9501,215.87,0x0000000000000000
2026/08/2602:08:26.999,94,22900,62,P2,1905,9501,214.42,0x0000000000000004
2026/08/2602:08:32.027,91,22900,63,P2,1950,9501,215.09,0x0000000000000000
2026/08/2602:08:37.049,87,22900,61,P2,1950,9501,215.50,0x0000000000000000
2026/08/2602:08:42.070,97,22900,65,P2,1950,9501,215.23,0x0000000000000004
2026/08/2602:08:47.091,86,22900,61,P2,1950,9501,212.09,0x0000000000000000
2026/08/2602:08:52.113,96,22900,64,P2,1920,9501,219.15,0x0000000000000004
2026/08/2602:08:57.144,86,22900,60,P2,1950,9501,217.82,0x0000000000000000
2026/08/2602:09:02.166,95,22900,64,P2,1950,9501,208.03,0x0000000000000004
2026/08/2602:09:07.188,86,22900,61,P2,1950,9501,220.54,0x0000000000000000
2026/08/2602:09:12.210,99,22900,65,P2,1875,9501,222.63,0x0000000000000004
2026/08/2602:09:17.237,96,22900,62,P2,1935,9501,218.74,0x0000000000000004
2026/08/2602:09:22.262,87,22900,61,P2,1950,9501,219.75,0x0000000000000000
2026/08/2602:09:27.284,87,22900,61,P2,1935,9501,214.06,0x0000000000000004
2026/08/2602:09:32.307,93,22900,63,P2,1950,9501,216.05,0x0000000000000004
2026/08/2602:09:37.333,92,22904,60,P2,1950,9501,186.57,0x0000000000000000
2026/08/2602:09:42.357,88,22904,62,P2,1950,9501,216.41,0x0000000000000000
2026/08/2602:09:47.381,93,22904,60,P2,1950,9501,209.83,0x0000000000000000
2026/08/2602:09:52.402,88,22904,61,P2,1950,9501,205.41,0x0000000000000000
2026/08/2602:09:57.426,96,22904,61,P2,1950,9501,207.54,0x0000000000000004
2026/08/2602:10:02.451,88,22904,60,P2,1950,9501,203.16,0x0000000000000000
2026/08/2602:10:07.471,88,22904,63,P2,1950,9501,202.81,0x0000000000000000
2026/08/2602:10:12.495,99,22904,65,P2,1935,9501,220.55,0x0000000000000004
2026/08/2602:10:17.521,91,22904,61,P2,1950,9501,202.66,0x0000000000000000
2026/08/2602:10:22.546,89,22904,61,P2,1950,9501,218.54,0x0000000000000004
2026/08/2602:10:27.567,91,22904,61,P2,1950,9501,213.97,0x0000000000000004
2026/08/2602:10:32.590,87,22904,62,P2,1950,9501,213.39,0x0000000000000000
2026/08/2602:10:37.616,91,22904,62,P2,1950,9501,223.62,0x0000000000000004
2026/08/2602:10:42.650,93,22904,62,P2,1935,9501,226.86,0x0000000000000004
2026/08/2602:10:47.674,89,22904,61,P2,1950,9501,215.44,0x0000000000000004
2026/08/2602:10:52.695,88,22904,62,P2,1950,9501,211.10,0x0000000000000004
2026/08/2602:10:57.718,87,22904,63,P2,1950,9501,209.12,0x0000000000000004
2026/08/2602:11:02.741,94,22904,65,P2,1950,9501,222.91,0x0000000000000004
2026/08/2602:11:07.768,87,22904,63,P2,1950,9501,219.05,0x0000000000000004
2026/08/2602:11:12.791,88,22904,64,P2,1950,9501,231.86,0x0000000000000004
2026/08/2602:11:17.814,88,22904,63,P2,1950,9501,223.39,0x0000000000000000
2026/08/2602:11:22.836,100,21146,61,P2,1950,9501,161.39,0x0000000000000000
2026/08/2602:11:27.861,100,21146,60,P2,1950,9501,159.39,0x0000000000000000
2026/08/2602:11:32.885,0,22438,60,P2,1950,9501,161.54,0x0000000000000000
2026/08/2602:11:37.914,91,22900,60,P2,1950,9501,192.68,0x0000000000000004
2026/08/2602:11:42.939,90,22900,60,P2,1950,9501,205.43,0x0000000000000004
2026/08/2602:11:47.959,89,22900,61,P2,1950,9501,211.82,0x0000000000000004
2026/08/2602:11:52.979,96,22900,63,P2,1950,9501,215.83,0x0000000000000004
2026/08/2602:11:58.006,90,22900,61,P2,1950,9501,213.30,0x0000000000000004
2026/08/2602:12:03.031,99,22900,64,P2,1920,9501,209.14,0x0000000000000004
2026/08/2602:12:08.053,88,22900,61,P2,1950,9501,209.76,0x0000000000000004
2026/08/2602:12:13.075,98,22900,65,P2,1905,9501,219.38,0x0000000000000004
2026/08/2602:12:18.102,88,22900,62,P2,1950,9501,209.99,0x0000000000000000
2026/08/2602:12:23.124,88,22900,62,P2,1950,9501,206.31,0x0000000000000000
2026/08/2602:12:28.145,89,22900,61,P2,1950,9501,213.77,0x0000000000000004
2026/08/2602:12:33.169,87,22900,62,P2,1950,9501,206.55,0x0000000000000000
2026/08/2602:12:38.194,97,22900,61,P2,1950,9501,217.37,0x0000000000000004
2026/08/2602:12:43.216,96,22900,65,P2,1950,9501,225.36,0x0000000000000004
2026/08/2602:12:48.239,83,22900,62,P2,1950,9501,218.94,0x0000000000000004
2026/08/2602:12:53.262,93,22900,64,P2,1950,9501,223.88,0x0000000000000004
2026/08/2602:12:58.285,79,22900,63,P2,1950,9501,219.08,0x0000000000000000
2026/08/2602:13:03.307,88,22900,63,P2,1905,9501,209.28,0x0000000000000004
2026/08/2602:13:08.330,89,22900,63,P2,1950,9501,223.15,0x0000000000000004
2026/08/2602:13:13.361,97,22900,65,P2,1905,9501,224.82,0x0000000000000004
2026/08/2602:13:18.388,85,22900,63,P2,1935,9501,227.37,0x0000000000000004
2026/08/2602:13:23.414,94,22900,66,P2,1935,9501,225.50,0x0000000000000004
2026/08/2602:13:28.437,95,22900,65,P2,1950,9501,215.25,0x0000000000000004
2026/08/2602:13:33.462,88,22900,64,P2,1920,9501,218.52,0x0000000000000004
2026/08/2602:13:38.490,88,22900,62,P2,1950,9501,218.23,0x0000000000000004
2026/08/2602:13:43.510,87,22900,63,P2,1950,9501,220.42,0x0000000000000004
2026/08/2602:13:48.532,93,22900,62,P2,1950,9501,208.42,0x0000000000000000
2026/08/2602:13:53.554,89,22900,62,P2,1950,9501,218.71,0x0000000000000004
2026/08/2602:13:58.578,95,22900,64,P2,1935,9501,214.90,0x0000000000000004
2026/08/2602:14:03.605,92,22900,63,P2,1950,9501,206.80,0x0000000000000000
2026/08/2602:14:08.626,72,22900,62,P2,1950,9501,226.19,0x0000000000000004
2026/08/2602:14:13.647,90,22900,62,P2,1950,9501,228.24,0x0000000000000004
2026/08/2602:14:18.668,88,22900,63,P2,1935,9501,214.26,0x0000000000000004
2026/08/2602:14:23.689,90,22900,62,P2,1950,9501,222.70,0x0000000000000004
2026/08/2602:14:28.710,94,22900,63,P2,1890,9501,216.93,0x0000000000000004
2026/08/2602:14:33.735,92,22900,64,P2,1935,9501,228.25,0x0000000000000004
2026/08/2602:14:38.755,93,22900,65,P2,1935,9501,219.94,0x0000000000000004
2026/08/2602:14:43.780,90,22902,64,P2,1935,9501,231.76,0x0000000000000000
2026/08/2602:14:48.801,100,21146,61,P2,1950,9501,155.63,0x0000000000000000
2026/08/2602:14:53.824,99,21146,60,P2,1950,9501,155.95,0x0000000000000000
2026/08/2602:14:58.848,72,21980,68,P2,1890,9501,324.79,0x0000000000000004
2026/08/2602:15:03.871,74,21980,70,P2,1890,9501,329.37,0x0000000000000004
2026/08/2602:15:08.894,75,21980,69,P2,1905,9501,317.75,0x0000000000000004
2026/08/2602:15:13.916,78,21980,69,P2,1875,9501,311.61,0x0000000000000004
2026/08/2602:15:18.935,85,21980,70,P2,1935,9501,321.32,0x0000000000000000
2026/08/2602:15:23.958,100,21146,64,P2,1935,9501,171.55,0x0000000000000000
2026/08/2602:15:28.985,99,21146,62,P2,1935,9501,168.34,0x0000000000000000
2026/08/2602:15:34.013,100,21146,61,P2,1950,9501,166.72,0x0000000000000000
2026/08/2602:15:39.040,71,21980,68,P2,1920,9501,327.36,0x0000000000000004
2026/08/2602:15:44.061,75,21980,69,P2,1875,9501,323.86,0x0000000000000004
2026/08/2602:15:49.084,75,21980,69,P2,1875,9501,330.09,0x0000000000000004
2026/08/2602:15:54.108,74,21980,69,P2,1890,9501,312.39,0x0000000000000004
2026/08/2602:15:59.133,82,21980,71,P2,1920,9501,341.46,0x0000000000000004
2026/08/2602:16:04.155,100,21146,63,P2,1935,9501,166.72,0x0000000000000000
2026/08/2602:16:09.182,100,21146,62,P2,1935,9501,167.01,0x0000000000000000
2026/08/2602:16:14.210,93,22438,61,P2,1950,9501,168.15,0x0000000000000000
2026/08/2602:16:19.232,82,22900,63,P2,1950,9501,199.57,0x0000000000000004
2026/08/2602:16:24.255,94,22900,63,P2,1935,9501,213.71,0x0000000000000004
2026/08/2602:16:29.282,87,22900,62,P2,1950,9501,219.86,0x0000000000000000
2026/08/2602:16:34.305,91,22900,62,P2,1950,9501,218.51,0x0000000000000004
2026/08/2602:16:39.331,87,22900,62,P2,1950,9501,219.77,0x0000000000000000
2026/08/2602:16:44.351,87,22900,61,P2,1950,9501,216.23,0x0000000000000004
2026/08/2602:16:49.375,98,22900,65,P2,1935,9501,220.34,0x0000000000000004
2026/08/2602:16:54.401,88,22900,61,P2,1950,9501,215.62,0x0000000000000004
2026/08/2602:16:59.421,87,22900,62,P2,1950,9501,209.10,0x0000000000000000
2026/08/2602:17:04.443,87,22900,61,P2,1950,9501,212.19,0x0000000000000000
2026/08/2602:17:09.463,87,22900,63,P2,1950,9501,220.79,0x0000000000000004
2026/08/2602:17:14.486,94,22900,61,P2,1950,9501,209.38,0x0000000000000000
2026/08/2602:17:19.508,88,22900,61,P2,1950,9501,214.30,0x0000000000000000
2026/08/2602:17:24.528,90,22900,63,P2,1950,9501,207.81,0x0000000000000000
2026/08/2602:17:29.551,96,22900,64,P2,1935,9501,225.84,0x0000000000000004
2026/08/2602:17:34.572,97,22900,63,P2,1890,9501,229.71,0x0000000000000004
2026/08/2602:17:39.594,77,22900,61,P2,1950,9501,219.79,0x0000000000000004
2026/08/2602:17:44.614,91,22900,60,P2,1950,9501,194.29,0x0000000000000000
2026/08/2602:17:49.638,94,22900,62,P2,1920,9501,222.98,0x0000000000000004
2026/08/2602:17:54.661,91,22900,61,P2,1890,9501,222.98,0x0000000000000004
2026/08/2602:17:59.681,71,22900,61,P2,1905,9501,221.65,0x0000000000000004
2026/08/2602:18:04.704,90,22900,61,P2,1950,9501,209.65,0x0000000000000004
2026/08/2602:18:09.726,87,22902,61,P2,1950,9501,203.24,0x0000000000000004
2026/08/2602:18:14.750,92,22902,60,P2,1950,9501,201.45,0x0000000000000000
2026/08/2602:18:19.771,91,22902,60,P2,1815,9501,208.71,0x0000000000000004
2026/08/2602:18:24.795,87,22902,61,P2,1950,9501,210.45,0x0000000000000000
2026/08/2602:18:29.818,92,22902,62,P2,1950,9501,208.74,0x0000000000000004
2026/08/2602:18:34.845,93,22902,61,P2,1935,9501,218.64,0x0000000000000004
2026/08/2602:18:39.871,88,22902,62,P2,1935,9501,221.49,0x0000000000000004
2026/08/2602:18:44.898,93,22902,62,P2,1950,9501,202.44,0x0000000000000004
2026/08/2602:18:49.922,95,22902,63,P2,1935,9501,222.29,0x0000000000000004
2026/08/2602:18:54.945,87,22902,61,P2,1950,9501,213.41,0x0000000000000000
2026/08/2602:18:59.967,90,22902,62,P2,1950,9501,216.93,0x0000000000000004
2026/08/2602:19:04.987,95,22902,63,P2,1935,9501,226.02,0x0000000000000004
2026/08/2602:19:10.009,88,22902,63,P2,1950,9501,230.10,0x0000000000000000
2026/08/2602:19:15.029,89,22902,63,P2,1950,9501,228.82,0x0000000000000004
2026/08/2602:19:20.049,91,22902,63,P2,1950,9501,227.69,0x0000000000000000
2026/08/2602:19:25.071,0,82,59,P3,480,5001,153.90,0x0000000000000001
2026/08/2602:19:30.095,0,82,53,P8,210,405,33.26,0x0000000000000001
2026/08/2602:19:35.122,54,346,56,P2,1695,9501,152.65,0x0000000000000000
2026/08/2602:19:40.145,100,18082,57,P2,1965,9501,160.71,0x0000000000000000
2026/08/2602:19:45.172,100,18082,57,P2,1965,9501,160.89,0x0000000000000000
2026/08/2602:19:50.203,64,23042,62,P2,1950,9501,275.14,0x0000000000000004
2026/08/2602:19:55.224,70,23042,63,P2,1950,9501,277.54,0x0000000000000004
2026/08/2602:20:00.246,24,23058,64,P2,1950,9501,264.85,0x0000000000000004
2026/08/2602:20:05.269,70,23062,64,P2,1950,9501,276.85,0x0000000000000000
2026/08/2602:20:10.292,66,23062,65,P2,1950,9501,253.76,0x0000000000000004
2026/08/2602:20:15.316,70,23062,66,P2,1935,9501,256.20,0x0000000000000004
2026/08/2602:20:20.338,64,23064,66,P2,1935,9501,277.11,0x0000000000000000
2026/08/2602:20:25.360,0,82,57,P3,300,5001,86.53,0x0000000000000001
2026/08/2602:20:30.383,0,82,52,P8,210,405,30.57,0x0000000000000001
2026/08/2602:20:35.413,100,21146,58,P2,1965,9501,160.57,0x0000000000000000
2026/08/2602:20:40.443,99,21146,58,P2,1965,9501,160.95,0x0000000000000000
2026/08/2602:20:45.469,77,21732,59,P2,1965,9501,170.83,0x0000000000000000
2026/08/2602:20:50.493,85,21732,66,P2,1950,9501,331.07,0x0000000000000000
2026/08/2602:20:55.516,86,21732,67,P2,1935,9501,334.01,0x0000000000000004
2026/08/2602:21:00.538,86,21740,68,P2,1935,9501,336.61,0x0000000000000004
2026/08/2602:21:05.560,86,21740,70,P2,1920,9501,322.93,0x0000000000000004
2026/08/2602:21:10.581,87,21740,70,P2,1920,9501,297.67,0x0000000000000004
2026/08/2602:21:15.605,100,82,67,P0,1935,9501,280.16,0x0000000000000000
2026/08/2602:21:20.633,99,21146,63,P2,1950,9501,171.59,0x0000000000000000
2026/08/2602:21:25.662,100,21146,62,P2,1950,9501,170.29,0x0000000000000000
2026/08/2602:21:30.693,68,22546,62,P2,1950,9501,171.97,0x0000000000000000
2026/08/2602:21:35.714,90,22574,64,P2,1950,9501,237.91,0x0000000000000000
2026/08/2602:21:40.737,74,22578,63,P2,1950,9501,230.14,0x0000000000000000
2026/08/2602:21:45.760,92,22578,63,P2,1905,9501,232.45,0x0000000000000004
2026/08/2602:21:50.784,90,22578,63,P2,1935,9501,228.13,0x0000000000000004
2026/08/2602:21:55.806,90,22578,63,P2,1950,9501,234.65,0x0000000000000000
2026/08/2602:22:00.831,90,22578,64,P2,1950,9501,230.64,0x0000000000000000
2026/08/2602:22:05.853,90,22578,63,P2,1950,9501,230.58,0x0000000000000000
2026/08/2602:22:10.879,89,22578,62,P2,1935,9501,233.67,0x0000000000000000
2026/08/2602:22:15.903,88,22578,64,P2,1950,9501,230.94,0x0000000000000000
2026/08/2602:22:20.924,89,22578,64,P2,1950,9501,231.99,0x0000000000000000
2026/08/2602:22:25.948,92,22584,63,P2,1950,9501,226.09,0x0000000000000000
2026/08/2602:22:30.970,89,22584,63,P2,1935,9501,231.59,0x0000000000000004
2026/08/2602:22:35.995,88,22584,63,P2,1950,9501,235.87,0x0000000000000000
2026/08/2602:22:41.019,88,22584,63,P2,1950,9501,228.31,0x0000000000000004
2026/08/2602:22:46.041,89,22584,64,P2,1950,9501,239.83,0x0000000000000000
2026/08/2602:22:51.062,88,22584,64,P2,1950,9501,239.65,0x0000000000000000
2026/08/2602:22:56.084,89,22584,63,P2,1950,9501,236.20,0x0000000000000000
2026/08/2602:23:01.108,94,22584,63,P2,1935,9501,227.11,0x0000000000000000
2026/08/2602:23:06.130,87,22584,64,P2,1950,9501,227.72,0x0000000000000000
2026/08/2602:23:11.155,89,22584,64,P2,1950,9501,217.45,0x0000000000000000
2026/08/2602:23:16.177,91,22584,64,P2,1950,9501,237.82,0x0000000000000000
2026/08/2602:23:21.200,0,346,61,P2,1950,9501,171.60,0x0000000000000000
2026/08/2602:23:26.221,99,19972,60,P2,1950,9501,163.17,0x0000000000000000
2026/08/2602:23:31.251,99,19972,59,P2,1950,9501,163.53,0x0000000000000000
2026/08/2602:23:36.279,32,23890,59,P2,1950,9501,169.02,0x0000000000000000
2026/08/2602:23:41.302,82,23924,66,P2,1935,9501,300.29,0x0000000000000004
2026/08/2602:23:46.324,84,23940,67,P2,1935,9501,278.91,0x0000000000000004
2026/08/2602:23:51.346,83,23946,68,P2,1935,9501,326.27,0x0000000000000004
2026/08/2602:23:56.367,81,23946,70,P2,1935,9501,332.09,0x0000000000000004
2026/08/2602:24:01.390,82,23946,71,P2,1920,9501,333.39,0x0000000000000004
2026/08/2602:24:06.415,100,18082,60,P2,1695,9501,134.32,0x0000000000000000
2026/08/2602:24:11.442,100,18082,61,P2,1950,9501,169.32,0x0000000000000000
2026/08/2602:24:16.473,99,18082,61,P2,1950,9501,168.07,0x0000000000000000
2026/08/2602:24:21.501,62,23042,64,P2,1950,9501,252.79,0x0000000000000000
2026/08/2602:24:26.526,69,23042,65,P2,1935,9501,268.14,0x0000000000000000
2026/08/2602:24:31.549,71,23058,66,P2,1935,9501,270.25,0x0000000000000004
2026/08/2602:24:36.571,60,23062,65,P2,1935,9501,269.52,0x0000000000000004
2026/08/2602:24:41.592,72,23062,66,P2,1935,9501,256.75,0x0000000000000004
2026/08/2602:24:46.614,56,23062,66,P2,1950,9501,274.54,0x0000000000000000
2026/08/2602:24:51.639,71,23064,67,P2,1950,9501,276.44,0x0000000000000000
2026/08/2602:24:56.660,0,346,62,P2,1950,9501,171.49,0x0000000000000000
2026/08/2602:25:01.683,99,14078,61,P2,1950,9501,168.95,0x0000000000000000
2026/08/2602:25:06.713,100,14078,61,P2,1950,9501,167.62,0x0000000000000000
2026/08/2602:25:11.739,58,21052,63,P2,1935,9501,230.13,0x0000000000000000
2026/08/2602:25:16.762,48,21054,63,P2,1950,9501,229.19,0x0000000000000000
2026/08/2602:25:21.786,54,21054,63,P2,1935,9501,231.19,0x0000000000000004
2026/08/2602:25:26.808,45,21070,63,P2,1950,9501,226.99,0x0000000000000000
2026/08/2602:25:31.831,54,21070,63,P2,1950,9501,223.05,0x0000000000000000
2026/08/2602:25:36.854,53,21074,62,P2,1950,9501,221.16,0x0000000000000000
2026/08/2602:25:41.876,49,21076,62,P2,1935,9501,227.03,0x0000000000000000
2026/08/2602:25:46.899,55,21076,63,P2,1950,9501,230.20,0x0000000000000000
2026/08/2602:25:51.921,47,21076,63,P2,1950,9501,231.59,0x0000000000000004
2026/08/2602:25:56.944,47,21076,63,P2,1950,9501,233.05,0x0000000000000000
2026/08/2602:26:01.969,57,21076,63,P2,1950,9501,231.24,0x0000000000000000
2026/08/2602:26:06.993,0,346,61,P2,1950,9501,172.06,0x0000000000000000
2026/08/2602:26:12.015,100,14078,60,P2,1950,9501,166.01,0x0000000000000000
2026/08/2602:26:17.042,99,14078,59,P2,1950,9501,162.19,0x0000000000000000
2026/08/2602:26:22.067,42,21052,62,P2,1950,9501,225.95,0x0000000000000000
2026/08/2602:26:27.090,60,21054,62,P2,1950,9501,227.37,0x0000000000000004
2026/08/2602:26:32.114,50,21054,63,P2,1950,9501,227.50,0x0000000000000000
2026/08/2602:26:37.138,46,21070,62,P2,1950,9501,226.82,0x0000000000000004
2026/08/2602:26:42.161,56,21070,62,P2,1950,9501,215.40,0x0000000000000004
2026/08/2602:26:47.182,39,21074,61,P2,1950,9501,179.44,0x0000000000000000
2026/08/2602:26:52.205,52,21076,62,P2,1950,9501,229.29,0x0000000000000000
2026/08/2602:26:57.228,52,21076,63,P2,1950,9501,221.60,0x0000000000000004
2026/08/2602:27:02.253,51,21076,63,P2,1950,9501,227.74,0x0000000000000004
2026/08/2602:27:07.275,48,21076,63,P2,1950,9501,226.81,0x0000000000000000
2026/08/2602:27:12.296,44,21076,62,P2,1950,9501,227.69,0x0000000000000000
2026/08/2602:27:17.321,0,99,61,P0,1950,9751,191.43,0x0000000000000000
2026/08/2602:27:22.346,99,18082,60,P2,1950,9501,151.26,0x0000000000000000
2026/08/2602:27:27.373,100,18082,59,P2,1950,9501,162.06,0x0000000000000000
2026/08/2602:27:32.398,71,23040,63,P2,1950,9501,272.29,0x0000000000000000
2026/08/2602:27:37.419,69,23042,64,P2,1950,9501,248.21,0x0000000000000000
2026/08/2602:27:42.440,69,23058,65,P2,1950,9501,268.54,0x0000000000000000
2026/08/2602:27:47.462,100,23062,62,P2,1950,9501,220.04,0x0000000000000000
2026/08/2602:27:52.485,67,23062,66,P2,1950,9501,282.32,0x0000000000000000
2026/08/2602:27:57.509,73,23062,66,P2,1935,9501,278.54,0x0000000000000004
2026/08/2602:28:02.532,29,23062,65,P2,1935,9501,269.52,0x0000000000000004
2026/08/2602:28:07.555,0,346,63,P2,1950,9501,171.82,0x0000000000000000
2026/08/2602:28:12.577,100,19972,61,P2,1950,9501,168.11,0x0000000000000000
2026/08/2602:28:17.607,100,19972,61,P2,1950,9501,167.38,0x0000000000000000
2026/08/2602:28:22.632,34,21712,61,P2,1950,9501,168.91,0x0000000000000000
2026/08/2602:28:27.651,82,23924,68,P2,1935,9501,328.87,0x0000000000000004
2026/08/2602:28:32.674,74,23940,66,P2,1935,9501,302.98,0x0000000000000004
2026/08/2602:28:37.695,81,23946,69,P2,1935,9501,293.68,0x0000000000000004
2026/08/2602:28:42.720,80,23946,70,P2,1920,9501,318.76,0x0000000000000004
2026/08/2602:28:47.740,82,23946,71,P2,1920,9501,329.76,0x0000000000000004
2026/08/2602:28:52.763,99,21146,64,P2,1950,9501,172.54,0x0000000000000000
2026/08/2602:28:57.792,100,21146,62,P2,1950,9501,171.03,0x0000000000000000
2026/08/2602:29:02.820,100,21146,61,P2,1950,9501,169.92,0x0000000000000000
2026/08/2602:29:07.851,91,22574,64,P2,1950,9501,233.78,0x0000000000000000
2026/08/2602:29:12.875,83,22578,64,P2,1950,9501,238.95,0x0000000000000000
2026/08/2602:29:17.898,90,22578,64,P2,1950,9501,230.46,0x0000000000000000
2026/08/2602:29:22.922,87,22578,64,P2,1950,9501,238.05,0x0000000000000000
2026/08/2602:29:27.943,90,22578,64,P2,1950,9501,231.74,0x0000000000000000
2026/08/2602:29:32.968,93,22578,63,P2,1950,9501,237.11,0x0000000000000004
2026/08/2602:29:37.989,89,22578,63,P2,1950,9501,229.83,0x0000000000000004
2026/08/2602:29:43.011,88,22578,64,P2,1950,9501,237.55,0x0000000000000000
2026/08/2602:29:48.031,25,22578,62,P2,1950,9501,227.26,0x0000000000000000
2026/08/2602:29:53.053,90,22578,64,P2,1950,9501,227.71,0x0000000000000000
2026/08/2602:29:58.074,93,22584,64,P2,1950,9501,227.49,0x0000000000000000
2026/08/2602:30:03.097,89,22584,64,P2,1935,9501,237.34,0x0000000000000000
2026/08/2602:30:08.117,89,22584,64,P2,1950,9501,240.89,0x0000000000000000
2026/08/2602:30:13.139,91,22584,64,P2,1935,9501,231.90,0x0000000000000000
2026/08/2602:30:18.167,90,22584,64,P2,1935,9501,231.94,0x0000000000000004
2026/08/2602:30:23.188,89,22584,64,P2,1950,9501,235.57,0x0000000000000000
2026/08/2602:30:28.210,89,22584,63,P2,1950,9501,238.50,0x0000000000000000
2026/08/2602:30:33.231,42,22584,63,P2,1950,9501,228.71,0x0000000000000000
2026/08/2602:30:38.253,90,22584,64,P2,1950,9501,232.10,0x0000000000000000
2026/08/2602:30:43.276,95,22584,63,P2,1950,9501,232.21,0x0000000000000000
2026/08/2602:30:48.300,89,22584,64,P2,1950,9501,241.39,0x0000000000000000
2026/08/2602:30:53.479,52,99,62,P0,1950,9751,200.35,0x0000000000000000
2026/08/2602:30:58.501,100,21146,60,P2,1950,9501,167.56,0x0000000000000000
2026/08/2602:31:03.530,99,21146,60,P2,1950,9501,166.73,0x0000000000000000
2026/08/2602:31:08.557,85,21732,66,P2,1935,9501,335.36,0x0000000000000004
2026/08/2602:31:13.579,87,21732,68,P2,1935,9501,320.74,0x0000000000000004
2026/08/2602:31:18.600,86,21732,69,P2,1935,9501,297.60,0x0000000000000004
2026/08/2602:31:23.621,82,21740,68,P2,1935,9501,304.52,0x0000000000000000
2026/08/2602:31:28.643,86,21740,71,P2,1920,9501,332.86,0x0000000000000004
2026/08/2602:31:33.665,84,21740,71,P2,1920,9501,333.82,0x0000000000000004
2026/08/2602:31:38.689,0,21146,65,P2,1935,9501,174.52,0x0000000000000000
2026/08/2602:31:43.719,100,21146,63,P2,1935,9501,170.39,0x0000000000000000
2026/08/2602:31:48.746,100,21146,62,P2,1935,9501,166.70,0x0000000000000000
2026/08/2602:31:53.775,86,21732,68,P2,1935,9501,336.55,0x0000000000000004
2026/08/2602:31:58.796,87,21732,70,P2,1920,9501,335.40,0x0000000000000004
2026/08/2602:32:03.818,86,21732,70,P2,1920,9501,335.91,0x0000000000000004
2026/08/2602:32:08.842,86,21740,71,P2,1920,9501,307.03,0x0000000000000004
2026/08/2602:32:13.864,86,21740,72,P2,1920,9501,304.38,0x0000000000000004
2026/08/2602:32:18.886,85,21740,69,P2,1920,9501,302.04,0x0000000000000000
2026/08/2602:32:23.909,100,21146,65,P2,1935,9501,174.36,0x0000000000000000
2026/08/2602:32:28.936,99,21146,63,P2,1950,9501,173.10,0x0000000000000000
2026/08/2602:32:33.965,100,21146,62,P2,1950,9501,171.76,0x0000000000000000
2026/08/2602:32:38.992,93,22574,64,P2,1950,9501,234.98,0x0000000000000000
2026/08/2602:32:44.015,87,22574,64,P2,1950,9501,228.26,0x0000000000000004
2026/08/2602:32:49.036,89,22578,64,P2,1950,9501,239.59,0x0000000000000000
2026/08/2602:32:54.060,87,22578,64,P2,1950,9501,239.26,0x0000000000000000
2026/08/2602:32:59.081,90,22578,64,P2,1950,9501,242.82,0x0000000000000000
2026/08/2602:33:04.102,86,22578,64,P2,1950,9501,240.12,0x0000000000000000
2026/08/2602:33:09.128,94,22578,63,P2,1935,9501,220.56,0x0000000000000004
2026/08/2602:33:14.148,92,22578,64,P2,1935,9501,238.15,0x0000000000000004
2026/08/2602:33:19.169,89,22578,63,P2,1950,9501,237.31,0x0000000000000000
2026/08/2602:33:24.189,92,22578,63,P2,1935,9501,233.98,0x0000000000000000
2026/08/2602:33:29.211,29,22578,61,P2,1950,9501,214.98,0x0000000000000000
2026/08/2602:33:34.232,89,22584,64,P2,1950,9501,241.60,0x0000000000000000
2026/08/2602:33:39.255,88,22584,64,P2,1950,9501,235.13,0x0000000000000000
2026/08/2602:33:44.277,88,22584,63,P2,1950,9501,237.17,0x0000000000000000
2026/08/2602:33:49.297,90,22584,63,P2,1950,9501,241.06,0x0000000000000000
2026/08/2602:33:54.319,89,22584,63,P2,1950,9501,234.89,0x0000000000000000
2026/08/2602:33:59.342,91,22584,63,P2,1935,9501,233.77,0x0000000000000004
2026/08/2602:34:04.369,90,22584,63,P2,1935,9501,238.24,0x0000000000000004
2026/08/2602:34:09.391,88,22584,63,P2,1950,9501,235.11,0x0000000000000000
2026/08/2602:34:14.417,87,22584,64,P2,1950,9501,237.93,0x0000000000000000
2026/08/2602:34:19.439,90,22584,64,P2,1950,9501,243.99,0x0000000000000000
2026/08/2602:34:24.464,91,22584,63,P2,1920,9501,234.46,0x0000000000000004
2026/08/2602:34:29.489,100,19972,59,P2,1950,9501,137.39,0x0000000000000000
2026/08/2602:34:34.520,100,19972,59,P2,1950,9501,164.02,0x0000000000000000
2026/08/2602:34:39.545,99,19972,59,P2,1950,9501,162.81,0x0000000000000000
2026/08/2602:34:44.570,81,23924,66,P2,1935,9501,336.51,0x0000000000000004
2026/08/2602:34:49.595,83,23940,67,P2,1935,9501,330.45,0x0000000000000004
2026/08/2602:34:54.620,44,23946,64,P2,1935,9501,316.29,0x0000000000000004
2026/08/2602:34:59.644,82,23946,69,P2,1935,9501,302.45,0x0000000000000004
2026/08/2602:35:04.665,83,23946,69,P2,1920,9501,301.99,0x0000000000000004
2026/08/2602:35:09.687,0,346,61,P2,1695,9501,155.32,0x0000000000000000
2026/08/2602:35:14.712,100,18082,61,P2,1950,9501,169.26,0x0000000000000000
2026/08/2602:35:19.739,100,18082,61,P2,1950,9501,168.11,0x0000000000000000
2026/08/2602:35:24.768,69,23040,65,P2,1950,9501,270.25,0x0000000000000000
2026/08/2602:35:29.792,73,23042,65,P2,1935,9501,253.09,0x0000000000000004
2026/08/2602:35:34.812,76,23058,65,P2,1935,9501,275.61,0x0000000000000004
2026/08/2602:35:39.835,70,23062,65,P2,1950,9501,206.04,0x0000000000000000
2026/08/2602:35:44.858,70,23062,67,P2,1950,9501,279.89,0x0000000000000000
2026/08/2602:35:49.882,74,23062,67,P2,1935,9501,268.51,0x0000000000000004
2026/08/2602:35:54.907,84,23064,66,P2,1950,9501,252.99,0x0000000000000000
2026/08/2602:35:59.929,23,346,63,P2,1950,9501,175.15,0x0000000000000000
2026/08/2602:36:04.951,100,14078,62,P2,1950,9501,168.89,0x0000000000000000
2026/08/2602:36:09.978,100,14078,61,P2,1950,9501,167.88,0x0000000000000000
2026/08/2602:36:15.008,63,21052,63,P2,1950,9501,230.61,0x0000000000000000
2026/08/2602:36:20.033,53,21054,63,P2,1935,9501,228.05,0x0000000000000000
2026/08/2602:36:25.058,48,21054,63,P2,1950,9501,231.55,0x0000000000000004
2026/08/2602:36:30.084,51,21070,63,P2,1935,9501,214.79,0x0000000000000004
2026/08/2602:36:35.108,42,21070,63,P2,1950,9501,226.40,0x0000000000000000
2026/08/2602:36:40.132,100,21074,61,P2,1950,9501,169.77,0x0000000000000000
2026/08/2602:36:45.157,57,21076,63,P2,1950,9501,229.83,0x0000000000000000
2026/08/2602:36:50.180,48,21076,63,P2,1935,9501,218.98,0x0000000000000004
2026/08/2602:36:55.204,53,21076,63,P2,1950,9501,227.89,0x0000000000000000
2026/08/2602:37:00.228,58,21076,63,P2,1950,9501,230.86,0x0000000000000000
2026/08/2602:37:05.251,59,21076,63,P2,1935,9501,219.53,0x0000000000000004
2026/08/2602:37:10.275,100,426,62,P2,1950,9501,219.88,0x0000000000000000
