wall_iso,elapsed_s,window_s,passes,gbytes_per_s,gpu_uuid
2026/10/02 17:30:46.118,0.021,10.160,980,828.5,GPU-f71a8f68-b0bb-670a-6982-a6a37475d18c
2026/10/02 17:31:16.350,30.254,10.159,980,828.6,GPU-f71a8f68-b0bb-670a-6982-a6a37475d18c
2026/10/02 17:31:46.539,60.441,10.161,980,828.5,GPU-f71a8f68-b0bb-670a-6982-a6a37475d18c
2026/10/02 17:32:16.770,90.676,10.157,980,828.8,GPU-f71a8f68-b0bb-670a-6982-a6a37475d18c
2026/10/02 17:32:47.000,120.903,10.160,980,828.6,GPU-f71a8f68-b0bb-670a-6982-a6a37475d18c
2026/10/02 17:33:17.186,151.090,10.160,980,828.6,GPU-f71a8f68-b0bb-670a-6982-a6a37475d18c
2026/10/02 17:33:47.417,181.322,10.159,980,828.6,GPU-f71a8f68-b0bb-670a-6982-a6a37475d18c
2026/10/02 17:34:17.647,211.551,10.159,980,828.6,GPU-f71a8f68-b0bb-670a-6982-a6a37475d18c
2026/10/02 17:34:47.874,241.779,10.158,980,828.7,GPU-f71a8f68-b0bb-670a-6982-a6a37475d18c
2026/10/02 17:35:18.108,272.013,10.158,980,828.7,GPU-f71a8f68-b0bb-670a-6982-a6a37475d18c
2026/10/02 17:35:48.334,302.237,10.160,980,828.6,GPU-f71a8f68-b0bb-670a-6982-a6a37475d18c
2026/10/02 17:36:18.564,332.466,10.161,980,828.5,GPU-f71a8f68-b0bb-670a-6982-a6a37475d18c
2026/10/02 17:36:48.798,362.702,10.159,980,828.7,GPU-f71a8f68-b0bb-670a-6982-a6a37475d18c
2026/10/02 17:37:19.027,392.932,10.159,980,828.6,GPU-f71a8f68-b0bb-670a-6982-a6a37475d18c
2026/10/02 17:37:49.260,423.162,10.161,980,828.5,GPU-f71a8f68-b0bb-670a-6982-a6a37475d18c
2026/10/02 17:38:19.490,453.393,10.160,980,828.5,GPU-f71a8f68-b0bb-670a-6982-a6a37475d18c
2026/10/02 17:38:49.677,483.581,10.159,980,828.6,GPU-f71a8f68-b0bb-670a-6982-a6a37475d18c
2026/10/02 17:39:19.867,513.770,10.160,980,828.6,GPU-f71a8f68-b0bb-670a-6982-a6a37475d18c
2026/10/02 17:39:50.099,544.005,10.157,980,828.8,GPU-f71a8f68-b0bb-670a-6982-a6a37475d18c
2026/10/02 17:40:20.317,574.220,10.160,980,828.6,GPU-f71a8f68-b0bb-670a-6982-a6a37475d18c
2026/10/02 17:40:50.547,604.452,10.158,980,828.7,GPU-f71a8f68-b0bb-670a-6982-a6a37475d18c
2026/10/02 17:41:20.778,634.681,10.160,980,828.5,GPU-f71a8f68-b0bb-670a-6982-a6a37475d18c
2026/10/02 17:41:51.011,664.916,10.158,980,828.7,GPU-f71a8f68-b0bb-670a-6982-a6a37475d18c
2026/10/02 17:42:21.238,695.142,10.159,980,828.6,GPU-f71a8f68-b0bb-670a-6982-a6a37475d18c
2026/10/02 17:42:51.468,725.370,10.161,980,828.5,GPU-f71a8f68-b0bb-670a-6982-a6a37475d18c
2026/10/02 17:43:21.656,755.560,10.159,980,828.7,GPU-f71a8f68-b0bb-670a-6982-a6a37475d18c
2026/10/02 17:43:51.886,785.789,10.160,980,828.5,GPU-f71a8f68-b0bb-670a-6982-a6a37475d18c
2026/10/02 17:44:22.118,816.023,10.159,980,828.7,GPU-f71a8f68-b0bb-670a-6982-a6a37475d18c
2026/10/02 17:44:52.351,846.255,10.159,980,828.6,GPU-f71a8f68-b0bb-670a-6982-a6a37475d18c
2026/10/02 17:45:22.581,876.486,10.158,980,828.7,GPU-f71a8f68-b0bb-670a-6982-a6a37475d18c
2026/10/02 17:45:52.811,906.715,10.159,980,828.6,GPU-f71a8f68-b0bb-670a-6982-a6a37475d18c
2026/10/02 17:46:23.041,936.946,10.159,980,828.7,GPU-f71a8f68-b0bb-670a-6982-a6a37475d18c
2026/10/02 17:46:53.274,967.178,10.159,980,828.6,GPU-f71a8f68-b0bb-670a-6982-a6a37475d18c
2026/10/02 17:47:23.504,997.408,10.159,980,828.6,GPU-f71a8f68-b0bb-670a-6982-a6a37475d18c
2026/10/02 17:47:53.730,1027.636,10.158,980,828.7,GPU-f71a8f68-b0bb-670a-6982-a6a37475d18c
2026/10/02 17:48:23.963,1057.865,10.161,980,828.4,GPU-f71a8f68-b0bb-670a-6982-a6a37475d18c
2026/10/02 17:48:54.194,1088.096,10.161,980,828.4,GPU-f71a8f68-b0bb-670a-6982-a6a37475d18c
2026/10/02 17:49:24.419,1118.322,10.160,980,828.5,GPU-f71a8f68-b0bb-670a-6982-a6a37475d18c
2026/10/02 17:49:54.614,1148.517,10.159,980,828.6,GPU-f71a8f68-b0bb-670a-6982-a6a37475d18c
2026/10/02 17:50:24.805,1178.708,10.160,980,828.6,GPU-f71a8f68-b0bb-670a-6982-a6a37475d18c
2026/10/02 17:50:54.993,1208.896,10.160,980,828.6,GPU-f71a8f68-b0bb-670a-6982-a6a37475d18c
2026/10/02 17:51:25.183,1239.088,10.159,980,828.7,GPU-f71a8f68-b0bb-670a-6982-a6a37475d18c
2026/10/02 17:51:55.375,1269.278,10.160,980,828.6,GPU-f71a8f68-b0bb-670a-6982-a6a37475d18c
2026/10/02 17:52:25.611,1299.513,10.161,980,828.5,GPU-f71a8f68-b0bb-670a-6982-a6a37475d18c
2026/10/02 17:52:55.804,1329.707,10.160,980,828.5,GPU-f71a8f68-b0bb-670a-6982-a6a37475d18c
2026/10/02 17:53:26.038,1359.942,10.159,980,828.6,GPU-f71a8f68-b0bb-670a-6982-a6a37475d18c
2026/10/02 17:53:56.224,1390.130,10.157,980,828.8,GPU-f71a8f68-b0bb-670a-6982-a6a37475d18c
2026/10/02 17:54:26.456,1420.359,10.159,980,828.6,GPU-f71a8f68-b0bb-670a-6982-a6a37475d18c
2026/10/02 17:54:56.691,1450.594,10.160,980,828.6,GPU-f71a8f68-b0bb-670a-6982-a6a37475d18c
2026/10/02 17:55:26.924,1480.828,10.159,980,828.6,GPU-f71a8f68-b0bb-670a-6982-a6a37475d18c
2026/10/02 17:55:57.151,1511.056,10.158,980,828.7,GPU-f71a8f68-b0bb-670a-6982-a6a37475d18c
2026/10/02 17:56:27.383,1541.286,10.160,980,828.5,GPU-f71a8f68-b0bb-670a-6982-a6a37475d18c
2026/10/02 17:56:57.571,1571.474,10.160,980,828.6,GPU-f71a8f68-b0bb-670a-6982-a6a37475d18c
2026/10/02 17:57:27.805,1601.709,10.160,980,828.6,GPU-f71a8f68-b0bb-670a-6982-a6a37475d18c
2026/10/02 17:57:58.038,1631.942,10.159,980,828.6,GPU-f71a8f68-b0bb-670a-6982-a6a37475d18c
2026/10/02 17:58:28.272,1662.176,10.159,980,828.6,GPU-f71a8f68-b0bb-670a-6982-a6a37475d18c
2026/10/02 17:58:58.460,1692.363,10.159,980,828.6,GPU-f71a8f68-b0bb-670a-6982-a6a37475d18c
2026/10/02 17:59:28.690,1722.592,10.161,980,828.5,GPU-f71a8f68-b0bb-670a-6982-a6a37475d18c
2026/10/02 17:59:58.915,1752.819,10.160,980,828.6,GPU-f71a8f68-b0bb-670a-6982-a6a37475d18c
2026/10/02 18:00:29.141,1783.045,10.160,980,828.6,GPU-f71a8f68-b0bb-670a-6982-a6a37475d18c
