wall_iso,ts,gfx_mhz,gfx_max_mhz,mem_mhz,sm_mhz,power_w,power_limit_w,power_default_w,temp_c,util_pct,mem_used_mib,pstate,throttle_active,thr_sw_thermal,thr_hw_thermal,thr_hw_power_brake,thr_sw_power_cap,thr_gpu_idle
2026-10-02T17:13:37+08:00,2026/10/02 17:13:37.283, 1950 MHz, 2130 MHz, 9501 MHz, 1950 MHz, 138.71 W, 420.00 W, 420.00 W, 63, 0 %, 17 MiB, P2, 0x0000000000000000, Not Active, Not Active, Not Active, Not Active, Not Active
2026-10-02T17:13:38+08:00,2026/10/02 17:13:38.302, 1950 MHz, 2130 MHz, 9501 MHz, 1950 MHz, 138.65 W, 420.00 W, 420.00 W, 63, 0 %, 17 MiB, P2, 0x0000000000000000, Not Active, Not Active, Not Active, Not Active, Not Active
2026-10-02T17:13:39+08:00,2026/10/02 17:13:39.324, 1950 MHz, 2130 MHz, 9501 MHz, 1950 MHz, 137.80 W, 420.00 W, 420.00 W, 63, 0 %, 34 MiB, P2, 0x0000000000000000, Not Active, Not Active, Not Active, Not Active, Not Active
2026-10-02T17:13:40+08:00,2026/10/02 17:13:40.349, 1950 MHz, 2130 MHz, 9501 MHz, 1950 MHz, 287.74 W, 420.00 W, 420.00 W, 67, 100 %, 8473 MiB, P2, 0x0000000000000000, Not Active, Not Active, Not Active, Not Active, Not Active
2026-10-02T17:13:41+08:00,2026/10/02 17:13:41.379, 1950 MHz, 2130 MHz, 9501 MHz, 1950 MHz, 299.90 W, 420.00 W, 420.00 W, 68, 100 %, 8473 MiB, P2, 0x0000000000000000, Not Active, Not Active, Not Active, Not Active, Not Active
2026-10-02T17:13:42+08:00,2026/10/02 17:13:42.409, 1950 MHz, 2130 MHz, 9501 MHz, 1950 MHz, 300.39 W, 420.00 W, 420.00 W, 68, 100 %, 8473 MiB, P2, 0x0000000000000000, Not Active, Not Active, Not Active, Not Active, Not Active
2026-10-02T17:13:43+08:00,2026/10/02 17:13:43.439, 1950 MHz, 2130 MHz, 9501 MHz, 1950 MHz, 300.93 W, 420.00 W, 420.00 W, 68, 100 %, 8473 MiB, P2, 0x0000000000000000, Not Active, Not Active, Not Active, Not Active, Not Active
2026-10-02T17:13:44+08:00,2026/10/02 17:13:44.469, 1950 MHz, 2130 MHz, 9501 MHz, 1950 MHz, 300.54 W, 420.00 W, 420.00 W, 68, 100 %, 8473 MiB, P2, 0x0000000000000000, Not Active, Not Active, Not Active, Not Active, Not Active
2026-10-02T17:13:45+08:00,2026/10/02 17:13:45.499, 1950 MHz, 2130 MHz, 9501 MHz, 1950 MHz, 301.26 W, 420.00 W, 420.00 W, 68, 100 %, 8473 MiB, P2, 0x0000000000000000, Not Active, Not Active, Not Active, Not Active, Not Active
2026-10-02T17:13:46+08:00,2026/10/02 17:13:46.529, 1950 MHz, 2130 MHz, 9501 MHz, 1950 MHz, 301.82 W, 420.00 W, 420.00 W, 69, 100 %, 8473 MiB, P2, 0x0000000000000000, Not Active, Not Active, Not Active, Not Active, Not Active
2026-10-02T17:13:47+08:00,2026/10/02 17:13:47.560, 1950 MHz, 2130 MHz, 9501 MHz, 1950 MHz, 301.80 W, 420.00 W, 420.00 W, 69, 100 %, 8473 MiB, P2, 0x0000000000000000, Not Active, Not Active, Not Active, Not Active, Not Active
2026-10-02T17:13:48+08:00,2026/10/02 17:13:48.590, 1950 MHz, 2130 MHz, 9501 MHz, 1950 MHz, 301.55 W, 420.00 W, 420.00 W, 69, 100 %, 8473 MiB, P2, 0x0000000000000000, Not Active, Not Active, Not Active, Not Active, Not Active
2026-10-02T17:13:49+08:00,2026/10/02 17:13:49.621, 1950 MHz, 2130 MHz, 9501 MHz, 1950 MHz, 302.20 W, 420.00 W, 420.00 W, 69, 100 %, 8473 MiB, P2, 0x0000000000000000, Not Active, Not Active, Not Active, Not Active, Not Active
2026-10-02T17:13:50+08:00,2026/10/02 17:13:50.651, 1950 MHz, 2130 MHz, 9501 MHz, 1950 MHz, 302.12 W, 420.00 W, 420.00 W, 69, 100 %, 8473 MiB, P2, 0x0000000000000000, Not Active, Not Active, Not Active, Not Active, Not Active
2026-10-02T17:13:51+08:00,2026/10/02 17:13:51.682, 1950 MHz, 2130 MHz, 9501 MHz, 1950 MHz, 302.45 W, 420.00 W, 420.00 W, 69, 100 %, 8473 MiB, P2, 0x0000000000000000, Not Active, Not Active, Not Active, Not Active, Not Active
2026-10-02T17:13:52+08:00,2026/10/02 17:13:52.712, 1935 MHz, 2130 MHz, 9501 MHz, 1935 MHz, 305.54 W, 420.00 W, 420.00 W, 69, 100 %, 8473 MiB, P2, 0x0000000000000000, Not Active, Not Active, Not Active, Not Active, Not Active
2026-10-02T17:13:53+08:00,2026/10/02 17:13:53.743, 1935 MHz, 2130 MHz, 9501 MHz, 1935 MHz, 305.56 W, 420.00 W, 420.00 W, 69, 100 %, 8473 MiB, P2, 0x0000000000000000, Not Active, Not Active, Not Active, Not Active, Not Active
2026-10-02T17:13:54+08:00,2026/10/02 17:13:54.773, 1935 MHz, 2130 MHz, 9501 MHz, 1935 MHz, 305.48 W, 420.00 W, 420.00 W, 69, 100 %, 8473 MiB, P2, 0x0000000000000000, Not Active, Not Active, Not Active, Not Active, Not Active
2026-10-02T17:13:55+08:00,2026/10/02 17:13:55.806, 1935 MHz, 2130 MHz, 9501 MHz, 1935 MHz, 305.69 W, 420.00 W, 420.00 W, 69, 100 %, 8473 MiB, P2, 0x0000000000000000, Not Active, Not Active, Not Active, Not Active, Not Active
2026-10-02T17:13:56+08:00,2026/10/02 17:13:56.839, 1935 MHz, 2130 MHz, 9501 MHz, 1935 MHz, 305.36 W, 420.00 W, 420.00 W, 69, 100 %, 8473 MiB, P2, 0x0000000000000000, Not Active, Not Active, Not Active, Not Active, Not Active
2026-10-02T17:13:57+08:00,2026/10/02 17:13:57.870, 1935 MHz, 2130 MHz, 9501 MHz, 1935 MHz, 305.51 W, 420.00 W, 420.00 W, 69, 100 %, 8473 MiB, P2, 0x0000000000000000, Not Active, Not Active, Not Active, Not Active, Not Active
2026-10-02T17:13:58+08:00,2026/10/02 17:13:58.901, 1935 MHz, 2130 MHz, 9501 MHz, 1935 MHz, 305.51 W, 420.00 W, 420.00 W, 69, 100 %, 8473 MiB, P2, 0x0000000000000000, Not Active, Not Active, Not Active, Not Active, Not Active
2026-10-02T17:13:59+08:00,2026/10/02 17:13:59.931, 1935 MHz, 2130 MHz, 9501 MHz, 1935 MHz, 305.56 W, 420.00 W, 420.00 W, 70, 100 %, 8473 MiB, P2, 0x0000000000000000, Not Active, Not Active, Not Active, Not Active, Not Active
2026-10-02T17:14:00+08:00,2026/10/02 17:14:00.964, 1935 MHz, 2130 MHz, 9501 MHz, 1935 MHz, 305.56 W, 420.00 W, 420.00 W, 70, 100 %, 8473 MiB, P2, 0x0000000000000000, Not Active, Not Active, Not Active, Not Active, Not Active
2026-10-02T17:14:01+08:00,2026/10/02 17:14:01.994, 1935 MHz, 2130 MHz, 9501 MHz, 1935 MHz, 306.02 W, 420.00 W, 420.00 W, 70, 100 %, 8473 MiB, P2, 0x0000000000000000, Not Active, Not Active, Not Active, Not Active, Not Active
2026-10-02T17:14:03+08:00,2026/10/02 17:14:03.024, 1935 MHz, 2130 MHz, 9501 MHz, 1935 MHz, 305.89 W, 420.00 W, 420.00 W, 70, 100 %, 8473 MiB, P2, 0x0000000000000000, Not Active, Not Active, Not Active, Not Active, Not Active
2026-10-02T17:14:04+08:00,2026/10/02 17:14:04.055, 1935 MHz, 2130 MHz, 9501 MHz, 1935 MHz, 305.83 W, 420.00 W, 420.00 W, 70, 100 %, 8473 MiB, P2, 0x0000000000000000, Not Active, Not Active, Not Active, Not Active, Not Active
2026-10-02T17:14:05+08:00,2026/10/02 17:14:05.086, 1935 MHz, 2130 MHz, 9501 MHz, 1935 MHz, 306.07 W, 420.00 W, 420.00 W, 70, 100 %, 8473 MiB, P2, 0x0000000000000000, Not Active, Not Active, Not Active, Not Active, Not Active
2026-10-02T17:14:06+08:00,2026/10/02 17:14:06.120, 1935 MHz, 2130 MHz, 9501 MHz, 1935 MHz, 306.11 W, 420.00 W, 420.00 W, 70, 100 %, 8473 MiB, P2, 0x0000000000000000, Not Active, Not Active, Not Active, Not Active, Not Active
2026-10-02T17:14:07+08:00,2026/10/02 17:14:07.151, 1935 MHz, 2130 MHz, 9501 MHz, 1935 MHz, 305.84 W, 420.00 W, 420.00 W, 70, 100 %, 8473 MiB, P2, 0x0000000000000000, Not Active, Not Active, Not Active, Not Active, Not Active
2026-10-02T17:14:08+08:00,2026/10/02 17:14:08.182, 1935 MHz, 2130 MHz, 9501 MHz, 1935 MHz, 306.18 W, 420.00 W, 420.00 W, 70, 100 %, 8473 MiB, P2, 0x0000000000000000, Not Active, Not Active, Not Active, Not Active, Not Active
2026-10-02T17:14:09+08:00,2026/10/02 17:14:09.212, 1935 MHz, 2130 MHz, 9501 MHz, 1935 MHz, 306.05 W, 420.00 W, 420.00 W, 70, 100 %, 8473 MiB, P2, 0x0000000000000000, Not Active, Not Active, Not Active, Not Active, Not Active
2026-10-02T17:14:10+08:00,2026/10/02 17:14:10.242, 1935 MHz, 2130 MHz, 9501 MHz, 1935 MHz, 306.09 W, 420.00 W, 420.00 W, 70, 100 %, 8473 MiB, P2, 0x0000000000000000, Not Active, Not Active, Not Active, Not Active, Not Active
2026-10-02T17:14:11+08:00,2026/10/02 17:14:11.272, 1935 MHz, 2130 MHz, 9501 MHz, 1935 MHz, 306.17 W, 420.00 W, 420.00 W, 70, 100 %, 8473 MiB, P2, 0x0000000000000000, Not Active, Not Active, Not Active, Not Active, Not Active
2026-10-02T17:14:12+08:00,2026/10/02 17:14:12.303, 1935 MHz, 2130 MHz, 9501 MHz, 1935 MHz, 306.14 W, 420.00 W, 420.00 W, 70, 100 %, 8473 MiB, P2, 0x0000000000000000, Not Active, Not Active, Not Active, Not Active, Not Active
2026-10-02T17:14:13+08:00,2026/10/02 17:14:13.337, 1935 MHz, 2130 MHz, 9501 MHz, 1935 MHz, 306.11 W, 420.00 W, 420.00 W, 70, 100 %, 8473 MiB, P2, 0x0000000000000000, Not Active, Not Active, Not Active, Not Active, Not Active
2026-10-02T17:14:14+08:00,2026/10/02 17:14:14.369, 1935 MHz, 2130 MHz, 9501 MHz, 1935 MHz, 306.17 W, 420.00 W, 420.00 W, 70, 100 %, 8473 MiB, P2, 0x0000000000000000, Not Active, Not Active, Not Active, Not Active, Not Active
2026-10-02T17:14:15+08:00,2026/10/02 17:14:15.400, 1935 MHz, 2130 MHz, 9501 MHz, 1935 MHz, 306.15 W, 420.00 W, 420.00 W, 70, 100 %, 8473 MiB, P2, 0x0000000000000000, Not Active, Not Active, Not Active, Not Active, Not Active
2026-10-02T17:14:16+08:00,2026/10/02 17:14:16.431, 1935 MHz, 2130 MHz, 9501 MHz, 1935 MHz, 306.33 W, 420.00 W, 420.00 W, 70, 100 %, 8473 MiB, P2, 0x0000000000000000, Not Active, Not Active, Not Active, Not Active, Not Active
2026-10-02T17:14:17+08:00,2026/10/02 17:14:17.464, 1935 MHz, 2130 MHz, 9501 MHz, 1935 MHz, 306.26 W, 420.00 W, 420.00 W, 71, 100 %, 8473 MiB, P2, 0x0000000000000000, Not Active, Not Active, Not Active, Not Active, Not Active
2026-10-02T17:14:18+08:00,2026/10/02 17:14:18.495, 1935 MHz, 2130 MHz, 9501 MHz, 1935 MHz, 306.30 W, 420.00 W, 420.00 W, 71, 100 %, 8473 MiB, P2, 0x0000000000000000, Not Active, Not Active, Not Active, Not Active, Not Active
2026-10-02T17:14:19+08:00,2026/10/02 17:14:19.527, 1935 MHz, 2130 MHz, 9501 MHz, 1935 MHz, 306.34 W, 420.00 W, 420.00 W, 71, 100 %, 8473 MiB, P2, 0x0000000000000000, Not Active, Not Active, Not Active, Not Active, Not Active
2026-10-02T17:14:20+08:00,2026/10/02 17:14:20.560, 1935 MHz, 2130 MHz, 9501 MHz, 1935 MHz, 306.47 W, 420.00 W, 420.00 W, 71, 100 %, 8473 MiB, P2, 0x0000000000000000, Not Active, Not Active, Not Active, Not Active, Not Active
2026-10-02T17:14:21+08:00,2026/10/02 17:14:21.593, 1935 MHz, 2130 MHz, 9501 MHz, 1935 MHz, 306.33 W, 420.00 W, 420.00 W, 71, 100 %, 8473 MiB, P2, 0x0000000000000000, Not Active, Not Active, Not Active, Not Active, Not Active
2026-10-02T17:14:22+08:00,2026/10/02 17:14:22.623, 1935 MHz, 2130 MHz, 9501 MHz, 1935 MHz, 306.30 W, 420.00 W, 420.00 W, 71, 100 %, 8473 MiB, P2, 0x0000000000000000, Not Active, Not Active, Not Active, Not Active, Not Active
2026-10-02T17:14:23+08:00,2026/10/02 17:14:23.654, 1935 MHz, 2130 MHz, 9501 MHz, 1935 MHz, 306.27 W, 420.00 W, 420.00 W, 71, 100 %, 8473 MiB, P2, 0x0000000000000000, Not Active, Not Active, Not Active, Not Active, Not Active
2026-10-02T17:14:24+08:00,2026/10/02 17:14:24.685, 1935 MHz, 2130 MHz, 9501 MHz, 1935 MHz, 306.41 W, 420.00 W, 420.00 W, 71, 100 %, 8473 MiB, P2, 0x0000000000000000, Not Active, Not Active, Not Active, Not Active, Not Active
2026-10-02T17:14:25+08:00,2026/10/02 17:14:25.716, 1935 MHz, 2130 MHz, 9501 MHz, 1935 MHz, 306.36 W, 420.00 W, 420.00 W, 71, 100 %, 8473 MiB, P2, 0x0000000000000000, Not Active, Not Active, Not Active, Not Active, Not Active
2026-10-02T17:14:26+08:00,2026/10/02 17:14:26.745, 1935 MHz, 2130 MHz, 9501 MHz, 1935 MHz, 306.57 W, 420.00 W, 420.00 W, 71, 100 %, 8473 MiB, P2, 0x0000000000000000, Not Active, Not Active, Not Active, Not Active, Not Active
2026-10-02T17:14:27+08:00,2026/10/02 17:14:27.777, 1935 MHz, 2130 MHz, 9501 MHz, 1935 MHz, 306.37 W, 420.00 W, 420.00 W, 71, 100 %, 8473 MiB, P2, 0x0000000000000000, Not Active, Not Active, Not Active, Not Active, Not Active
2026-10-02T17:14:28+08:00,2026/10/02 17:14:28.810, 1935 MHz, 2130 MHz, 9501 MHz, 1935 MHz, 306.48 W, 420.00 W, 420.00 W, 71, 100 %, 8473 MiB, P2, 0x0000000000000000, Not Active, Not Active, Not Active, Not Active, Not Active
2026-10-02T17:14:29+08:00,2026/10/02 17:14:29.841, 1935 MHz, 2130 MHz, 9501 MHz, 1935 MHz, 306.55 W, 420.00 W, 420.00 W, 71, 100 %, 8473 MiB, P2, 0x0000000000000000, Not Active, Not Active, Not Active, Not Active, Not Active
2026-10-02T17:14:30+08:00,2026/10/02 17:14:30.874, 1935 MHz, 2130 MHz, 9501 MHz, 1935 MHz, 306.64 W, 420.00 W, 420.00 W, 71, 100 %, 8473 MiB, P2, 0x0000000000000000, Not Active, Not Active, Not Active, Not Active, Not Active
2026-10-02T17:14:31+08:00,2026/10/02 17:14:31.905, 1935 MHz, 2130 MHz, 9501 MHz, 1935 MHz, 306.70 W, 420.00 W, 420.00 W, 71, 100 %, 8473 MiB, P2, 0x0000000000000000, Not Active, Not Active, Not Active, Not Active, Not Active
2026-10-02T17:14:32+08:00,2026/10/02 17:14:32.935, 1935 MHz, 2130 MHz, 9501 MHz, 1935 MHz, 306.66 W, 420.00 W, 420.00 W, 71, 100 %, 8473 MiB, P2, 0x0000000000000000, Not Active, Not Active, Not Active, Not Active, Not Active
2026-10-02T17:14:33+08:00,2026/10/02 17:14:33.965, 1935 MHz, 2130 MHz, 9501 MHz, 1935 MHz, 306.69 W, 420.00 W, 420.00 W, 71, 100 %, 8473 MiB, P2, 0x0000000000000000, Not Active, Not Active, Not Active, Not Active, Not Active
2026-10-02T17:14:34+08:00,2026/10/02 17:14:34.995, 1935 MHz, 2130 MHz, 9501 MHz, 1935 MHz, 306.56 W, 420.00 W, 420.00 W, 71, 100 %, 8473 MiB, P2, 0x0000000000000000, Not Active, Not Active, Not Active, Not Active, Not Active
2026-10-02T17:14:36+08:00,2026/10/02 17:14:36.029, 1935 MHz, 2130 MHz, 9501 MHz, 1935 MHz, 306.59 W, 420.00 W, 420.00 W, 71, 100 %, 8473 MiB, P2, 0x0000000000000000, Not Active, Not Active, Not Active, Not Active, Not Active
2026-10-02T17:14:37+08:00,2026/10/02 17:14:37.063, 1935 MHz, 2130 MHz, 9501 MHz, 1935 MHz, 306.51 W, 420.00 W, 420.00 W, 71, 100 %, 8473 MiB, P2, 0x0000000000000000, Not Active, Not Active, Not Active, Not Active, Not Active
2026-10-02T17:14:38+08:00,2026/10/02 17:14:38.094, 1935 MHz, 2130 MHz, 9501 MHz, 1935 MHz, 306.63 W, 420.00 W, 420.00 W, 71, 100 %, 8473 MiB, P2, 0x0000000000000000, Not Active, Not Active, Not Active, Not Active, Not Active
2026-10-02T17:14:39+08:00,2026/10/02 17:14:39.125, 1935 MHz, 2130 MHz, 9501 MHz, 1935 MHz, 306.68 W, 420.00 W, 420.00 W, 72, 100 %, 8473 MiB, P2, 0x0000000000000000, Not Active, Not Active, Not Active, Not Active, Not Active
2026-10-02T17:14:40+08:00,2026/10/02 17:14:40.156, 1935 MHz, 2130 MHz, 9501 MHz, 1935 MHz, 306.68 W, 420.00 W, 420.00 W, 72, 100 %, 8473 MiB, P2, 0x0000000000000000, Not Active, Not Active, Not Active, Not Active, Not Active
